state,count,t,run_no
Susceptible,499,0,0
Exposed,0,0,0
Infectious,1,0,0
Recovered,0,0,0
Susceptible,499,1,0
Exposed,0,1,0
Infectious,1,1,0
Recovered,0,1,0
Susceptible,499,2,0
Exposed,0,2,0
Infectious,1,2,0
Recovered,0,2,0
Susceptible,498,3,0
Exposed,1,3,0
Infectious,1,3,0
Recovered,0,3,0
Susceptible,498,4,0
Exposed,1,4,0
Infectious,1,4,0
Recovered,0,4,0
Susceptible,498,5,0
Exposed,1,5,0
Infectious,0,5,0
Recovered,1,5,0
Susceptible,498,6,0
Exposed,1,6,0
Infectious,0,6,0
Recovered,1,6,0
Susceptible,498,7,0
Exposed,0,7,0
Infectious,1,7,0
Recovered,1,7,0
Susceptible,498,8,0
Exposed,0,8,0
Infectious,1,8,0
Recovered,1,8,0
Susceptible,498,9,0
Exposed,0,9,0
Infectious,0,9,0
Recovered,2,9,0
Susceptible,499,0,1
Exposed,0,0,1
Infectious,1,0,1
Recovered,0,0,1
Susceptible,499,1,1
Exposed,0,1,1
Infectious,1,1,1
Recovered,0,1,1
Susceptible,499,2,1
Exposed,0,2,1
Infectious,0,2,1
Recovered,1,2,1
Susceptible,499,0,2
Exposed,0,0,2
Infectious,1,0,2
Recovered,0,0,2
Susceptible,499,1,2
Exposed,0,1,2
Infectious,1,1,2
Recovered,0,1,2
Susceptible,498,2,2
Exposed,1,2,2
Infectious,1,2,2
Recovered,0,2,2
Susceptible,498,3,2
Exposed,1,3,2
Infectious,1,3,2
Recovered,0,3,2
Susceptible,497,4,2
Exposed,2,4,2
Infectious,1,4,2
Recovered,0,4,2
Susceptible,497,5,2
Exposed,1,5,2
Infectious,2,5,2
Recovered,0,5,2
Susceptible,495,6,2
Exposed,2,6,2
Infectious,2,6,2
Recovered,1,6,2
Susceptible,494,7,2
Exposed,3,7,2
Infectious,1,7,2
Recovered,2,7,2
Susceptible,494,8,2
Exposed,1,8,2
Infectious,3,8,2
Recovered,2,8,2
Susceptible,493,9,2
Exposed,1,9,2
Infectious,2,9,2
Recovered,4,9,2
Susceptible,493,10,2
Exposed,1,10,2
Infectious,2,10,2
Recovered,4,10,2
Susceptible,491,11,2
Exposed,2,11,2
Infectious,1,11,2
Recovered,6,11,2
Susceptible,489,12,2
Exposed,3,12,2
Infectious,2,12,2
Recovered,6,12,2
Susceptible,488,13,2
Exposed,4,13,2
Infectious,2,13,2
Recovered,6,13,2
Susceptible,488,14,2
Exposed,2,14,2
Infectious,3,14,2
Recovered,7,14,2
Susceptible,487,15,2
Exposed,2,15,2
Infectious,4,15,2
Recovered,7,15,2
Susceptible,485,16,2
Exposed,4,16,2
Infectious,2,16,2
Recovered,9,16,2
Susceptible,481,17,2
Exposed,7,17,2
Infectious,2,17,2
Recovered,10,17,2
Susceptible,481,18,2
Exposed,2,18,2
Infectious,5,18,2
Recovered,12,18,2
Susceptible,476,19,2
Exposed,7,19,2
Infectious,5,19,2
Recovered,12,19,2
Susceptible,472,20,2
Exposed,10,20,2
Infectious,4,20,2
Recovered,14,20,2
Susceptible,471,21,2
Exposed,8,21,2
Infectious,7,21,2
Recovered,14,21,2
Susceptible,470,22,2
Exposed,3,22,2
Infectious,11,22,2
Recovered,16,22,2
Susceptible,465,23,2
Exposed,6,23,2
Infectious,11,23,2
Recovered,18,23,2
Susceptible,458,24,2
Exposed,11,24,2
Infectious,7,24,2
Recovered,24,24,2
Susceptible,455,25,2
Exposed,9,25,2
Infectious,10,25,2
Recovered,26,25,2
Susceptible,452,26,2
Exposed,7,26,2
Infectious,14,26,2
Recovered,27,26,2
Susceptible,443,27,2
Exposed,12,27,2
Infectious,12,27,2
Recovered,33,27,2
Susceptible,440,28,2
Exposed,11,28,2
Infectious,12,28,2
Recovered,37,28,2
Susceptible,438,29,2
Exposed,8,29,2
Infectious,14,29,2
Recovered,40,29,2
Susceptible,430,30,2
Exposed,13,30,2
Infectious,15,30,2
Recovered,42,30,2
Susceptible,425,31,2
Exposed,16,31,2
Infectious,13,31,2
Recovered,46,31,2
Susceptible,424,32,2
Exposed,12,32,2
Infectious,16,32,2
Recovered,48,32,2
Susceptible,418,33,2
Exposed,10,33,2
Infectious,18,33,2
Recovered,54,33,2
Susceptible,413,34,2
Exposed,10,34,2
Infectious,16,34,2
Recovered,61,34,2
Susceptible,408,35,2
Exposed,10,35,2
Infectious,17,35,2
Recovered,65,35,2
Susceptible,399,36,2
Exposed,16,36,2
Infectious,14,36,2
Recovered,71,36,2
Susceptible,396,37,2
Exposed,15,37,2
Infectious,10,37,2
Recovered,79,37,2
Susceptible,392,38,2
Exposed,8,38,2
Infectious,14,38,2
Recovered,86,38,2
Susceptible,391,39,2
Exposed,7,39,2
Infectious,10,39,2
Recovered,92,39,2
Susceptible,385,40,2
Exposed,11,40,2
Infectious,8,40,2
Recovered,96,40,2
Susceptible,382,41,2
Exposed,12,41,2
Infectious,7,41,2
Recovered,99,41,2
Susceptible,381,42,2
Exposed,6,42,2
Infectious,12,42,2
Recovered,101,42,2
Susceptible,376,43,2
Exposed,9,43,2
Infectious,11,43,2
Recovered,104,43,2
Susceptible,371,44,2
Exposed,14,44,2
Infectious,6,44,2
Recovered,109,44,2
Susceptible,370,45,2
Exposed,9,45,2
Infectious,8,45,2
Recovered,113,45,2
Susceptible,364,46,2
Exposed,12,46,2
Infectious,9,46,2
Recovered,115,46,2
Susceptible,361,47,2
Exposed,12,47,2
Infectious,11,47,2
Recovered,116,47,2
Susceptible,359,48,2
Exposed,8,48,2
Infectious,14,48,2
Recovered,119,48,2
Susceptible,354,49,2
Exposed,10,49,2
Infectious,15,49,2
Recovered,121,49,2
Susceptible,348,50,2
Exposed,15,50,2
Infectious,13,50,2
Recovered,124,50,2
Susceptible,344,51,2
Exposed,14,51,2
Infectious,9,51,2
Recovered,133,51,2
Susceptible,340,52,2
Exposed,13,52,2
Infectious,9,52,2
Recovered,138,52,2
Susceptible,335,53,2
Exposed,10,53,2
Infectious,15,53,2
Recovered,140,53,2
Susceptible,332,54,2
Exposed,9,54,2
Infectious,16,54,2
Recovered,143,54,2
Susceptible,331,55,2
Exposed,5,55,2
Infectious,14,55,2
Recovered,150,55,2
Susceptible,327,56,2
Exposed,6,56,2
Infectious,13,56,2
Recovered,154,56,2
Susceptible,324,57,2
Exposed,8,57,2
Infectious,8,57,2
Recovered,160,57,2
Susceptible,322,58,2
Exposed,7,58,2
Infectious,7,58,2
Recovered,164,58,2
Susceptible,319,59,2
Exposed,7,59,2
Infectious,8,59,2
Recovered,166,59,2
Susceptible,318,60,2
Exposed,5,60,2
Infectious,7,60,2
Recovered,170,60,2
Susceptible,316,61,2
Exposed,3,61,2
Infectious,9,61,2
Recovered,172,61,2
Susceptible,312,62,2
Exposed,7,62,2
Infectious,6,62,2
Recovered,175,62,2
Susceptible,307,63,2
Exposed,9,63,2
Infectious,7,63,2
Recovered,177,63,2
Susceptible,307,64,2
Exposed,7,64,2
Infectious,8,64,2
Recovered,178,64,2
Susceptible,306,65,2
Exposed,4,65,2
Infectious,9,65,2
Recovered,181,65,2
Susceptible,304,66,2
Exposed,3,66,2
Infectious,10,66,2
Recovered,183,66,2
Susceptible,303,67,2
Exposed,3,67,2
Infectious,10,67,2
Recovered,184,67,2
Susceptible,299,68,2
Exposed,7,68,2
Infectious,9,68,2
Recovered,185,68,2
Susceptible,294,69,2
Exposed,9,69,2
Infectious,7,69,2
Recovered,190,69,2
Susceptible,292,70,2
Exposed,7,70,2
Infectious,8,70,2
Recovered,193,70,2
Susceptible,290,71,2
Exposed,8,71,2
Infectious,6,71,2
Recovered,196,71,2
Susceptible,288,72,2
Exposed,5,72,2
Infectious,9,72,2
Recovered,198,72,2
Susceptible,287,73,2
Exposed,4,73,2
Infectious,6,73,2
Recovered,203,73,2
Susceptible,284,74,2
Exposed,5,74,2
Infectious,6,74,2
Recovered,205,74,2
Susceptible,284,75,2
Exposed,3,75,2
Infectious,7,75,2
Recovered,206,75,2
Susceptible,281,76,2
Exposed,6,76,2
Infectious,6,76,2
Recovered,207,76,2
Susceptible,278,77,2
Exposed,7,77,2
Infectious,6,77,2
Recovered,209,77,2
Susceptible,276,78,2
Exposed,5,78,2
Infectious,6,78,2
Recovered,213,78,2
Susceptible,273,79,2
Exposed,6,79,2
Infectious,6,79,2
Recovered,215,79,2
Susceptible,271,80,2
Exposed,7,80,2
Infectious,5,80,2
Recovered,217,80,2
Susceptible,268,81,2
Exposed,8,81,2
Infectious,5,81,2
Recovered,219,81,2
Susceptible,268,82,2
Exposed,3,82,2
Infectious,9,82,2
Recovered,220,82,2
Susceptible,267,83,2
Exposed,3,83,2
Infectious,8,83,2
Recovered,222,83,2
Susceptible,265,84,2
Exposed,4,84,2
Infectious,7,84,2
Recovered,224,84,2
Susceptible,265,85,2
Exposed,2,85,2
Infectious,6,85,2
Recovered,227,85,2
Susceptible,265,86,2
Exposed,1,86,2
Infectious,5,86,2
Recovered,229,86,2
Susceptible,265,87,2
Exposed,0,87,2
Infectious,5,87,2
Recovered,230,87,2
Susceptible,263,88,2
Exposed,2,88,2
Infectious,4,88,2
Recovered,231,88,2
Susceptible,262,89,2
Exposed,3,89,2
Infectious,1,89,2
Recovered,234,89,2
Susceptible,262,90,2
Exposed,2,90,2
Infectious,1,90,2
Recovered,235,90,2
Susceptible,262,91,2
Exposed,0,91,2
Infectious,3,91,2
Recovered,235,91,2
Susceptible,261,92,2
Exposed,1,92,2
Infectious,2,92,2
Recovered,236,92,2
Susceptible,261,93,2
Exposed,1,93,2
Infectious,1,93,2
Recovered,237,93,2
Susceptible,261,94,2
Exposed,0,94,2
Infectious,1,94,2
Recovered,238,94,2
Susceptible,261,95,2
Exposed,0,95,2
Infectious,1,95,2
Recovered,238,95,2
Susceptible,261,96,2
Exposed,0,96,2
Infectious,1,96,2
Recovered,238,96,2
Susceptible,261,97,2
Exposed,0,97,2
Infectious,1,97,2
Recovered,238,97,2
Susceptible,261,98,2
Exposed,0,98,2
Infectious,0,98,2
Recovered,239,98,2
Susceptible,499,0,3
Exposed,0,0,3
Infectious,1,0,3
Recovered,0,0,3
Susceptible,498,1,3
Exposed,1,1,3
Infectious,1,1,3
Recovered,0,1,3
Susceptible,497,2,3
Exposed,2,2,3
Infectious,0,2,3
Recovered,1,2,3
Susceptible,497,3,3
Exposed,1,3,3
Infectious,1,3,3
Recovered,1,3,3
Susceptible,497,4,3
Exposed,0,4,3
Infectious,2,4,3
Recovered,1,4,3
Susceptible,496,5,3
Exposed,1,5,3
Infectious,2,5,3
Recovered,1,5,3
Susceptible,495,6,3
Exposed,2,6,3
Infectious,1,6,3
Recovered,2,6,3
Susceptible,494,7,3
Exposed,2,7,3
Infectious,2,7,3
Recovered,2,7,3
Susceptible,492,8,3
Exposed,3,8,3
Infectious,2,8,3
Recovered,3,8,3
Susceptible,491,9,3
Exposed,3,9,3
Infectious,2,9,3
Recovered,4,9,3
Susceptible,491,10,3
Exposed,1,10,3
Infectious,3,10,3
Recovered,5,10,3
Susceptible,489,11,3
Exposed,2,11,3
Infectious,4,11,3
Recovered,5,11,3
Susceptible,487,12,3
Exposed,4,12,3
Infectious,2,12,3
Recovered,7,12,3
Susceptible,487,13,3
Exposed,4,13,3
Infectious,2,13,3
Recovered,7,13,3
Susceptible,486,14,3
Exposed,3,14,3
Infectious,3,14,3
Recovered,8,14,3
Susceptible,485,15,3
Exposed,2,15,3
Infectious,4,15,3
Recovered,9,15,3
Susceptible,484,16,3
Exposed,3,16,3
Infectious,4,16,3
Recovered,9,16,3
Susceptible,480,17,3
Exposed,6,17,3
Infectious,4,17,3
Recovered,10,17,3
Susceptible,476,18,3
Exposed,7,18,3
Infectious,6,18,3
Recovered,11,18,3
Susceptible,476,19,3
Exposed,5,19,3
Infectious,5,19,3
Recovered,14,19,3
Susceptible,472,20,3
Exposed,6,20,3
Infectious,6,20,3
Recovered,16,20,3
Susceptible,469,21,3
Exposed,7,21,3
Infectious,5,21,3
Recovered,19,21,3
Susceptible,467,22,3
Exposed,8,22,3
Infectious,3,22,3
Recovered,22,22,3
Susceptible,465,23,3
Exposed,4,23,3
Infectious,8,23,3
Recovered,23,23,3
Susceptible,462,24,3
Exposed,6,24,3
Infectious,6,24,3
Recovered,26,24,3
Susceptible,461,25,3
Exposed,5,25,3
Infectious,5,25,3
Recovered,29,25,3
Susceptible,458,26,3
Exposed,5,26,3
Infectious,5,26,3
Recovered,32,26,3
Susceptible,456,27,3
Exposed,6,27,3
Infectious,5,27,3
Recovered,33,27,3
Susceptible,454,28,3
Exposed,5,28,3
Infectious,4,28,3
Recovered,37,28,3
Susceptible,451,29,3
Exposed,7,29,3
Infectious,5,29,3
Recovered,37,29,3
Susceptible,449,30,3
Exposed,6,30,3
Infectious,6,30,3
Recovered,39,30,3
Susceptible,446,31,3
Exposed,6,31,3
Infectious,6,31,3
Recovered,42,31,3
Susceptible,445,32,3
Exposed,5,32,3
Infectious,7,32,3
Recovered,43,32,3
Susceptible,444,33,3
Exposed,2,33,3
Infectious,9,33,3
Recovered,45,33,3
Susceptible,439,34,3
Exposed,6,34,3
Infectious,4,34,3
Recovered,51,34,3
Susceptible,436,35,3
Exposed,8,35,3
Infectious,4,35,3
Recovered,52,35,3
Susceptible,435,36,3
Exposed,7,36,3
Infectious,5,36,3
Recovered,53,36,3
Susceptible,433,37,3
Exposed,3,37,3
Infectious,11,37,3
Recovered,53,37,3
Susceptible,430,38,3
Exposed,5,38,3
Infectious,10,38,3
Recovered,55,38,3
Susceptible,425,39,3
Exposed,9,39,3
Infectious,8,39,3
Recovered,58,39,3
Susceptible,423,40,3
Exposed,8,40,3
Infectious,8,40,3
Recovered,61,40,3
Susceptible,421,41,3
Exposed,7,41,3
Infectious,9,41,3
Recovered,63,41,3
Susceptible,417,42,3
Exposed,5,42,3
Infectious,11,42,3
Recovered,67,42,3
Susceptible,408,43,3
Exposed,13,43,3
Infectious,10,43,3
Recovered,69,43,3
Susceptible,402,44,3
Exposed,14,44,3
Infectious,13,44,3
Recovered,71,44,3
Susceptible,396,45,3
Exposed,14,45,3
Infectious,15,45,3
Recovered,75,45,3
Susceptible,391,46,3
Exposed,11,46,3
Infectious,19,46,3
Recovered,79,46,3
Susceptible,386,47,3
Exposed,13,47,3
Infectious,17,47,3
Recovered,84,47,3
Susceptible,381,48,3
Exposed,12,48,3
Infectious,20,48,3
Recovered,87,48,3
Susceptible,374,49,3
Exposed,10,49,3
Infectious,19,49,3
Recovered,97,49,3
Susceptible,366,50,3
Exposed,18,50,3
Infectious,11,50,3
Recovered,105,50,3
Susceptible,362,51,3
Exposed,17,51,3
Infectious,11,51,3
Recovered,110,51,3
Susceptible,354,52,3
Exposed,17,52,3
Infectious,15,52,3
Recovered,114,52,3
Susceptible,344,53,3
Exposed,19,53,3
Infectious,19,53,3
Recovered,118,53,3
Susceptible,332,54,3
Exposed,25,54,3
Infectious,21,54,3
Recovered,122,54,3
Susceptible,324,55,3
Exposed,24,55,3
Infectious,24,55,3
Recovered,128,55,3
Susceptible,317,56,3
Exposed,21,56,3
Infectious,20,56,3
Recovered,142,56,3
Susceptible,308,57,3
Exposed,21,57,3
Infectious,22,57,3
Recovered,149,57,3
Susceptible,306,58,3
Exposed,17,58,3
Infectious,23,58,3
Recovered,154,58,3
Susceptible,296,59,3
Exposed,19,59,3
Infectious,26,59,3
Recovered,159,59,3
Susceptible,292,60,3
Exposed,18,60,3
Infectious,25,60,3
Recovered,165,60,3
Susceptible,281,61,3
Exposed,22,61,3
Infectious,20,61,3
Recovered,177,61,3
Susceptible,276,62,3
Exposed,18,62,3
Infectious,25,62,3
Recovered,181,62,3
Susceptible,270,63,3
Exposed,15,63,3
Infectious,28,63,3
Recovered,187,63,3
Susceptible,262,64,3
Exposed,14,64,3
Infectious,26,64,3
Recovered,198,64,3
Susceptible,258,65,3
Exposed,13,65,3
Infectious,22,65,3
Recovered,207,65,3
Susceptible,252,66,3
Exposed,13,66,3
Infectious,24,66,3
Recovered,211,66,3
Susceptible,247,67,3
Exposed,13,67,3
Infectious,20,67,3
Recovered,220,67,3
Susceptible,241,68,3
Exposed,13,68,3
Infectious,20,68,3
Recovered,226,68,3
Susceptible,238,69,3
Exposed,11,69,3
Infectious,15,69,3
Recovered,236,69,3
Susceptible,235,70,3
Exposed,8,70,3
Infectious,13,70,3
Recovered,244,70,3
Susceptible,232,71,3
Exposed,6,71,3
Infectious,15,71,3
Recovered,247,71,3
Susceptible,229,72,3
Exposed,6,72,3
Infectious,12,72,3
Recovered,253,72,3
Susceptible,228,73,3
Exposed,4,73,3
Infectious,11,73,3
Recovered,257,73,3
Susceptible,222,74,3
Exposed,9,74,3
Infectious,8,74,3
Recovered,261,74,3
Susceptible,220,75,3
Exposed,9,75,3
Infectious,7,75,3
Recovered,264,75,3
Susceptible,217,76,3
Exposed,8,76,3
Infectious,9,76,3
Recovered,266,76,3
Susceptible,216,77,3
Exposed,3,77,3
Infectious,12,77,3
Recovered,269,77,3
Susceptible,213,78,3
Exposed,5,78,3
Infectious,11,78,3
Recovered,271,78,3
Susceptible,212,79,3
Exposed,5,79,3
Infectious,8,79,3
Recovered,275,79,3
Susceptible,211,80,3
Exposed,3,80,3
Infectious,8,80,3
Recovered,278,80,3
Susceptible,207,81,3
Exposed,7,81,3
Infectious,6,81,3
Recovered,280,81,3
Susceptible,205,82,3
Exposed,6,82,3
Infectious,6,82,3
Recovered,283,82,3
Susceptible,204,83,3
Exposed,4,83,3
Infectious,5,83,3
Recovered,287,83,3
Susceptible,204,84,3
Exposed,1,84,3
Infectious,3,84,3
Recovered,292,84,3
Susceptible,203,85,3
Exposed,1,85,3
Infectious,3,85,3
Recovered,293,85,3
Susceptible,202,86,3
Exposed,2,86,3
Infectious,1,86,3
Recovered,295,86,3
Susceptible,202,87,3
Exposed,2,87,3
Infectious,1,87,3
Recovered,295,87,3
Susceptible,202,88,3
Exposed,1,88,3
Infectious,2,88,3
Recovered,295,88,3
Susceptible,202,89,3
Exposed,1,89,3
Infectious,1,89,3
Recovered,296,89,3
Susceptible,202,90,3
Exposed,1,90,3
Infectious,0,90,3
Recovered,297,90,3
Susceptible,202,91,3
Exposed,1,91,3
Infectious,0,91,3
Recovered,297,91,3
Susceptible,202,92,3
Exposed,0,92,3
Infectious,1,92,3
Recovered,297,92,3
Susceptible,202,93,3
Exposed,0,93,3
Infectious,0,93,3
Recovered,298,93,3
Susceptible,499,0,4
Exposed,0,0,4
Infectious,1,0,4
Recovered,0,0,4
Susceptible,499,1,4
Exposed,0,1,4
Infectious,1,1,4
Recovered,0,1,4
Susceptible,498,2,4
Exposed,1,2,4
Infectious,1,2,4
Recovered,0,2,4
Susceptible,498,3,4
Exposed,1,3,4
Infectious,1,3,4
Recovered,0,3,4
Susceptible,498,4,4
Exposed,1,4,4
Infectious,1,4,4
Recovered,0,4,4
Susceptible,496,5,4
Exposed,3,5,4
Infectious,1,5,4
Recovered,0,5,4
Susceptible,496,6,4
Exposed,2,6,4
Infectious,2,6,4
Recovered,0,6,4
Susceptible,494,7,4
Exposed,3,7,4
Infectious,1,7,4
Recovered,2,7,4
Susceptible,494,8,4
Exposed,2,8,4
Infectious,2,8,4
Recovered,2,8,4
Susceptible,493,9,4
Exposed,2,9,4
Infectious,3,9,4
Recovered,2,9,4
Susceptible,492,10,4
Exposed,2,10,4
Infectious,4,10,4
Recovered,2,10,4
Susceptible,489,11,4
Exposed,4,11,4
Infectious,5,11,4
Recovered,2,11,4
Susceptible,486,12,4
Exposed,5,12,4
Infectious,6,12,4
Recovered,3,12,4
Susceptible,484,13,4
Exposed,5,13,4
Infectious,7,13,4
Recovered,4,13,4
Susceptible,481,14,4
Exposed,4,14,4
Infectious,10,14,4
Recovered,5,14,4
Susceptible,476,15,4
Exposed,7,15,4
Infectious,9,15,4
Recovered,8,15,4
Susceptible,471,16,4
Exposed,9,16,4
Infectious,10,16,4
Recovered,10,16,4
Susceptible,464,17,4
Exposed,12,17,4
Infectious,11,17,4
Recovered,13,17,4
Susceptible,458,18,4
Exposed,16,18,4
Infectious,8,18,4
Recovered,18,18,4
Susceptible,456,19,4
Exposed,11,19,4
Infectious,12,19,4
Recovered,21,19,4
Susceptible,450,20,4
Exposed,11,20,4
Infectious,12,20,4
Recovered,27,20,4
Susceptible,444,21,4
Exposed,13,21,4
Infectious,11,21,4
Recovered,32,21,4
Susceptible,443,22,4
Exposed,13,22,4
Infectious,8,22,4
Recovered,36,22,4
Susceptible,441,23,4
Exposed,7,23,4
Infectious,11,23,4
Recovered,41,23,4
Susceptible,437,24,4
Exposed,8,24,4
Infectious,13,24,4
Recovered,42,24,4
Susceptible,433,25,4
Exposed,11,25,4
Infectious,8,25,4
Recovered,48,25,4
Susceptible,432,26,4
Exposed,5,26,4
Infectious,14,26,4
Recovered,49,26,4
Susceptible,427,27,4
Exposed,8,27,4
Infectious,10,27,4
Recovered,55,27,4
Susceptible,420,28,4
Exposed,11,28,4
Infectious,12,28,4
Recovered,57,28,4
Susceptible,418,29,4
Exposed,8,29,4
Infectious,13,29,4
Recovered,61,29,4
Susceptible,411,30,4
Exposed,13,30,4
Infectious,10,30,4
Recovered,66,30,4
Susceptible,406,31,4
Exposed,15,31,4
Infectious,9,31,4
Recovered,70,31,4
Susceptible,405,32,4
Exposed,8,32,4
Infectious,13,32,4
Recovered,74,32,4
Susceptible,397,33,4
Exposed,12,33,4
Infectious,16,33,4
Recovered,75,33,4
Susceptible,391,34,4
Exposed,15,34,4
Infectious,14,34,4
Recovered,80,34,4
Susceptible,382,35,4
Exposed,15,35,4
Infectious,19,35,4
Recovered,84,35,4
Susceptible,376,36,4
Exposed,12,36,4
Infectious,21,36,4
Recovered,91,36,4
Susceptible,368,37,4
Exposed,14,37,4
Infectious,22,37,4
Recovered,96,37,4
Susceptible,358,38,4
Exposed,19,38,4
Infectious,18,38,4
Recovered,105,38,4
Susceptible,352,39,4
Exposed,16,39,4
Infectious,19,39,4
Recovered,113,39,4
Susceptible,344,40,4
Exposed,15,40,4
Infectious,23,40,4
Recovered,118,40,4
Susceptible,335,41,4
Exposed,20,41,4
Infectious,24,41,4
Recovered,121,41,4
Susceptible,329,42,4
Exposed,19,42,4
Infectious,23,42,4
Recovered,129,42,4
Susceptible,321,43,4
Exposed,15,43,4
Infectious,28,43,4
Recovered,136,43,4
Susceptible,315,44,4
Exposed,17,44,4
Infectious,30,44,4
Recovered,138,44,4
Susceptible,312,45,4
Exposed,14,45,4
Infectious,28,45,4
Recovered,146,45,4
Susceptible,306,46,4
Exposed,13,46,4
Infectious,24,46,4
Recovered,157,46,4
Susceptible,297,47,4
Exposed,17,47,4
Infectious,19,47,4
Recovered,167,47,4
Susceptible,294,48,4
Exposed,12,48,4
Infectious,23,48,4
Recovered,171,48,4
Susceptible,287,49,4
Exposed,15,49,4
Infectious,19,49,4
Recovered,179,49,4
Susceptible,284,50,4
Exposed,14,50,4
Infectious,16,50,4
Recovered,186,50,4
Susceptible,282,51,4
Exposed,12,51,4
Infectious,11,51,4
Recovered,195,51,4
Susceptible,276,52,4
Exposed,9,52,4
Infectious,17,52,4
Recovered,198,52,4
Susceptible,268,53,4
Exposed,15,53,4
Infectious,11,53,4
Recovered,206,53,4
Susceptible,266,54,4
Exposed,14,54,4
Infectious,10,54,4
Recovered,210,54,4
Susceptible,263,55,4
Exposed,10,55,4
Infectious,14,55,4
Recovered,213,55,4
Susceptible,258,56,4
Exposed,11,56,4
Infectious,15,56,4
Recovered,216,56,4
Susceptible,253,57,4
Exposed,11,57,4
Infectious,15,57,4
Recovered,221,57,4
Susceptible,247,58,4
Exposed,13,58,4
Infectious,14,58,4
Recovered,226,58,4
Susceptible,242,59,4
Exposed,13,59,4
Infectious,12,59,4
Recovered,233,59,4
Susceptible,237,60,4
Exposed,14,60,4
Infectious,14,60,4
Recovered,235,60,4
Susceptible,234,61,4
Exposed,9,61,4
Infectious,19,61,4
Recovered,238,61,4
Susceptible,228,62,4
Exposed,13,62,4
Infectious,18,62,4
Recovered,241,62,4
Susceptible,221,63,4
Exposed,14,63,4
Infectious,17,63,4
Recovered,248,63,4
Susceptible,217,64,4
Exposed,12,64,4
Infectious,18,64,4
Recovered,253,64,4
Susceptible,213,65,4
Exposed,10,65,4
Infectious,15,65,4
Recovered,262,65,4
Susceptible,211,66,4
Exposed,9,66,4
Infectious,14,66,4
Recovered,266,66,4
Susceptible,207,67,4
Exposed,10,67,4
Infectious,13,67,4
Recovered,270,67,4
Susceptible,203,68,4
Exposed,12,68,4
Infectious,9,68,4
Recovered,276,68,4
Susceptible,201,69,4
Exposed,8,69,4
Infectious,11,69,4
Recovered,280,69,4
Susceptible,198,70,4
Exposed,6,70,4
Infectious,12,70,4
Recovered,284,70,4
Susceptible,194,71,4
Exposed,8,71,4
Infectious,9,71,4
Recovered,289,71,4
Susceptible,194,72,4
Exposed,5,72,4
Infectious,8,72,4
Recovered,293,72,4
Susceptible,193,73,4
Exposed,5,73,4
Infectious,4,73,4
Recovered,298,73,4
Susceptible,193,74,4
Exposed,3,74,4
Infectious,3,74,4
Recovered,301,74,4
Susceptible,191,75,4
Exposed,4,75,4
Infectious,4,75,4
Recovered,301,75,4
Susceptible,190,76,4
Exposed,3,76,4
Infectious,2,76,4
Recovered,305,76,4
Susceptible,187,77,4
Exposed,5,77,4
Infectious,3,77,4
Recovered,305,77,4
Susceptible,187,78,4
Exposed,4,78,4
Infectious,2,78,4
Recovered,307,78,4
Susceptible,187,79,4
Exposed,2,79,4
Infectious,3,79,4
Recovered,308,79,4
Susceptible,186,80,4
Exposed,1,80,4
Infectious,2,80,4
Recovered,311,80,4
Susceptible,185,81,4
Exposed,1,81,4
Infectious,2,81,4
Recovered,312,81,4
Susceptible,185,82,4
Exposed,1,82,4
Infectious,1,82,4
Recovered,313,82,4
Susceptible,185,83,4
Exposed,0,83,4
Infectious,2,83,4
Recovered,313,83,4
Susceptible,185,84,4
Exposed,0,84,4
Infectious,2,84,4
Recovered,313,84,4
Susceptible,185,85,4
Exposed,0,85,4
Infectious,2,85,4
Recovered,313,85,4
Susceptible,184,86,4
Exposed,1,86,4
Infectious,0,86,4
Recovered,315,86,4
Susceptible,184,87,4
Exposed,1,87,4
Infectious,0,87,4
Recovered,315,87,4
Susceptible,184,88,4
Exposed,0,88,4
Infectious,1,88,4
Recovered,315,88,4
Susceptible,184,89,4
Exposed,0,89,4
Infectious,1,89,4
Recovered,315,89,4
Susceptible,183,90,4
Exposed,1,90,4
Infectious,1,90,4
Recovered,315,90,4
Susceptible,183,91,4
Exposed,1,91,4
Infectious,1,91,4
Recovered,315,91,4
Susceptible,183,92,4
Exposed,0,92,4
Infectious,2,92,4
Recovered,315,92,4
Susceptible,183,93,4
Exposed,0,93,4
Infectious,0,93,4
Recovered,317,93,4
Susceptible,499,0,5
Exposed,0,0,5
Infectious,1,0,5
Recovered,0,0,5
Susceptible,499,1,5
Exposed,0,1,5
Infectious,1,1,5
Recovered,0,1,5
Susceptible,497,2,5
Exposed,2,2,5
Infectious,0,2,5
Recovered,1,2,5
Susceptible,497,3,5
Exposed,2,3,5
Infectious,0,3,5
Recovered,1,3,5
Susceptible,497,4,5
Exposed,1,4,5
Infectious,1,4,5
Recovered,1,4,5
Susceptible,496,5,5
Exposed,1,5,5
Infectious,1,5,5
Recovered,2,5,5
Susceptible,495,6,5
Exposed,2,6,5
Infectious,0,6,5
Recovered,3,6,5
Susceptible,495,7,5
Exposed,0,7,5
Infectious,2,7,5
Recovered,3,7,5
Susceptible,495,8,5
Exposed,0,8,5
Infectious,0,8,5
Recovered,5,8,5
Susceptible,499,0,6
Exposed,0,0,6
Infectious,1,0,6
Recovered,0,0,6
Susceptible,498,1,6
Exposed,1,1,6
Infectious,1,1,6
Recovered,0,1,6
Susceptible,498,2,6
Exposed,0,2,6
Infectious,2,2,6
Recovered,0,2,6
Susceptible,497,3,6
Exposed,1,3,6
Infectious,1,3,6
Recovered,1,3,6
Susceptible,496,4,6
Exposed,2,4,6
Infectious,0,4,6
Recovered,2,4,6
Susceptible,496,5,6
Exposed,0,5,6
Infectious,2,5,6
Recovered,2,5,6
Susceptible,495,6,6
Exposed,1,6,6
Infectious,2,6,6
Recovered,2,6,6
Susceptible,494,7,6
Exposed,1,7,6
Infectious,3,7,6
Recovered,2,7,6
Susceptible,491,8,6
Exposed,3,8,6
Infectious,3,8,6
Recovered,3,8,6
Susceptible,490,9,6
Exposed,4,9,6
Infectious,1,9,6
Recovered,5,9,6
Susceptible,489,10,6
Exposed,3,10,6
Infectious,2,10,6
Recovered,6,10,6
Susceptible,489,11,6
Exposed,1,11,6
Infectious,3,11,6
Recovered,7,11,6
Susceptible,488,12,6
Exposed,2,12,6
Infectious,2,12,6
Recovered,8,12,6
Susceptible,488,13,6
Exposed,2,13,6
Infectious,2,13,6
Recovered,8,13,6
Susceptible,488,14,6
Exposed,2,14,6
Infectious,2,14,6
Recovered,8,14,6
Susceptible,488,15,6
Exposed,0,15,6
Infectious,3,15,6
Recovered,9,15,6
Susceptible,487,16,6
Exposed,1,16,6
Infectious,2,16,6
Recovered,10,16,6
Susceptible,487,17,6
Exposed,1,17,6
Infectious,0,17,6
Recovered,12,17,6
Susceptible,487,18,6
Exposed,1,18,6
Infectious,0,18,6
Recovered,12,18,6
Susceptible,487,19,6
Exposed,0,19,6
Infectious,1,19,6
Recovered,12,19,6
Susceptible,486,20,6
Exposed,1,20,6
Infectious,1,20,6
Recovered,12,20,6
Susceptible,486,21,6
Exposed,1,21,6
Infectious,1,21,6
Recovered,12,21,6
Susceptible,485,22,6
Exposed,2,22,6
Infectious,1,22,6
Recovered,12,22,6
Susceptible,484,23,6
Exposed,3,23,6
Infectious,1,23,6
Recovered,12,23,6
Susceptible,483,24,6
Exposed,3,24,6
Infectious,2,24,6
Recovered,12,24,6
Susceptible,482,25,6
Exposed,1,25,6
Infectious,4,25,6
Recovered,13,25,6
Susceptible,480,26,6
Exposed,2,26,6
Infectious,5,26,6
Recovered,13,26,6
Susceptible,479,27,6
Exposed,3,27,6
Infectious,3,27,6
Recovered,15,27,6
Susceptible,477,28,6
Exposed,4,28,6
Infectious,2,28,6
Recovered,17,28,6
Susceptible,476,29,6
Exposed,4,29,6
Infectious,2,29,6
Recovered,18,29,6
Susceptible,474,30,6
Exposed,3,30,6
Infectious,5,30,6
Recovered,18,30,6
Susceptible,473,31,6
Exposed,3,31,6
Infectious,4,31,6
Recovered,20,31,6
Susceptible,473,32,6
Exposed,2,32,6
Infectious,4,32,6
Recovered,21,32,6
Susceptible,469,33,6
Exposed,4,33,6
Infectious,5,33,6
Recovered,22,33,6
Susceptible,464,34,6
Exposed,9,34,6
Infectious,5,34,6
Recovered,22,34,6
Susceptible,461,35,6
Exposed,10,35,6
Infectious,6,35,6
Recovered,23,35,6
Susceptible,458,36,6
Exposed,10,36,6
Infectious,7,36,6
Recovered,25,36,6
Susceptible,455,37,6
Exposed,10,37,6
Infectious,8,37,6
Recovered,27,37,6
Susceptible,448,38,6
Exposed,10,38,6
Infectious,13,38,6
Recovered,29,38,6
Susceptible,438,39,6
Exposed,18,39,6
Infectious,13,39,6
Recovered,31,39,6
Susceptible,432,40,6
Exposed,20,40,6
Infectious,13,40,6
Recovered,35,40,6
Susceptible,427,41,6
Exposed,16,41,6
Infectious,17,41,6
Recovered,40,41,6
Susceptible,418,42,6
Exposed,16,42,6
Infectious,25,42,6
Recovered,41,42,6
Susceptible,410,43,6
Exposed,19,43,6
Infectious,22,43,6
Recovered,49,43,6
Susceptible,398,44,6
Exposed,21,44,6
Infectious,26,44,6
Recovered,55,44,6
Susceptible,388,45,6
Exposed,26,45,6
Infectious,23,45,6
Recovered,63,45,6
Susceptible,375,46,6
Exposed,28,46,6
Infectious,26,46,6
Recovered,71,46,6
Susceptible,366,47,6
Exposed,27,47,6
Infectious,28,47,6
Recovered,79,47,6
Susceptible,356,48,6
Exposed,27,48,6
Infectious,29,48,6
Recovered,88,48,6
Susceptible,343,49,6
Exposed,32,49,6
Infectious,29,49,6
Recovered,96,49,6
Susceptible,336,50,6
Exposed,27,50,6
Infectious,32,50,6
Recovered,105,50,6
Susceptible,323,51,6
Exposed,29,51,6
Infectious,27,51,6
Recovered,121,51,6
Susceptible,311,52,6
Exposed,31,52,6
Infectious,28,52,6
Recovered,130,52,6
Susceptible,301,53,6
Exposed,27,53,6
Infectious,28,53,6
Recovered,144,53,6
Susceptible,288,54,6
Exposed,31,54,6
Infectious,30,54,6
Recovered,151,54,6
Susceptible,283,55,6
Exposed,22,55,6
Infectious,36,55,6
Recovered,159,55,6
Susceptible,275,56,6
Exposed,17,56,6
Infectious,39,56,6
Recovered,169,56,6
Susceptible,263,57,6
Exposed,21,57,6
Infectious,36,57,6
Recovered,180,57,6
Susceptible,252,58,6
Exposed,24,58,6
Infectious,27,58,6
Recovered,197,58,6
Susceptible,248,59,6
Exposed,19,59,6
Infectious,30,59,6
Recovered,203,59,6
Susceptible,233,60,6
Exposed,26,60,6
Infectious,25,60,6
Recovered,216,60,6
Susceptible,226,61,6
Exposed,23,61,6
Infectious,30,61,6
Recovered,221,61,6
Susceptible,223,62,6
Exposed,18,62,6
Infectious,30,62,6
Recovered,229,62,6
Susceptible,215,63,6
Exposed,15,63,6
Infectious,33,63,6
Recovered,237,63,6
Susceptible,204,64,6
Exposed,19,64,6
Infectious,26,64,6
Recovered,251,64,6
Susceptible,199,65,6
Exposed,19,65,6
Infectious,23,65,6
Recovered,259,65,6
Susceptible,194,66,6
Exposed,17,66,6
Infectious,22,66,6
Recovered,267,66,6
Susceptible,191,67,6
Exposed,14,67,6
Infectious,20,67,6
Recovered,275,67,6
Susceptible,188,68,6
Exposed,11,68,6
Infectious,21,68,6
Recovered,280,68,6
Susceptible,184,69,6
Exposed,13,69,6
Infectious,18,69,6
Recovered,285,69,6
Susceptible,180,70,6
Exposed,10,70,6
Infectious,20,70,6
Recovered,290,70,6
Susceptible,176,71,6
Exposed,8,71,6
Infectious,21,71,6
Recovered,295,71,6
Susceptible,172,72,6
Exposed,11,72,6
Infectious,16,72,6
Recovered,301,72,6
Susceptible,169,73,6
Exposed,8,73,6
Infectious,16,73,6
Recovered,307,73,6
Susceptible,168,74,6
Exposed,5,74,6
Infectious,13,74,6
Recovered,314,74,6
Susceptible,166,75,6
Exposed,4,75,6
Infectious,14,75,6
Recovered,316,75,6
Susceptible,165,76,6
Exposed,4,76,6
Infectious,9,76,6
Recovered,322,76,6
Susceptible,165,77,6
Exposed,2,77,6
Infectious,9,77,6
Recovered,324,77,6
Susceptible,164,78,6
Exposed,2,78,6
Infectious,6,78,6
Recovered,328,78,6
Susceptible,164,79,6
Exposed,1,79,6
Infectious,7,79,6
Recovered,328,79,6
Susceptible,163,80,6
Exposed,1,80,6
Infectious,5,80,6
Recovered,331,80,6
Susceptible,162,81,6
Exposed,2,81,6
Infectious,4,81,6
Recovered,332,81,6
Susceptible,161,82,6
Exposed,3,82,6
Infectious,3,82,6
Recovered,333,82,6
Susceptible,160,83,6
Exposed,2,83,6
Infectious,3,83,6
Recovered,335,83,6
Susceptible,159,84,6
Exposed,2,84,6
Infectious,3,84,6
Recovered,336,84,6
Susceptible,158,85,6
Exposed,2,85,6
Infectious,1,85,6
Recovered,339,85,6
Susceptible,158,86,6
Exposed,1,86,6
Infectious,2,86,6
Recovered,339,86,6
Susceptible,158,87,6
Exposed,1,87,6
Infectious,2,87,6
Recovered,339,87,6
Susceptible,158,88,6
Exposed,1,88,6
Infectious,1,88,6
Recovered,340,88,6
Susceptible,157,89,6
Exposed,1,89,6
Infectious,1,89,6
Recovered,341,89,6
Susceptible,157,90,6
Exposed,1,90,6
Infectious,1,90,6
Recovered,341,90,6
Susceptible,156,91,6
Exposed,1,91,6
Infectious,2,91,6
Recovered,341,91,6
Susceptible,156,92,6
Exposed,0,92,6
Infectious,2,92,6
Recovered,342,92,6
Susceptible,154,93,6
Exposed,2,93,6
Infectious,2,93,6
Recovered,342,93,6
Susceptible,154,94,6
Exposed,2,94,6
Infectious,1,94,6
Recovered,343,94,6
Susceptible,154,95,6
Exposed,2,95,6
Infectious,0,95,6
Recovered,344,95,6
Susceptible,154,96,6
Exposed,0,96,6
Infectious,2,96,6
Recovered,344,96,6
Susceptible,154,97,6
Exposed,0,97,6
Infectious,2,97,6
Recovered,344,97,6
Susceptible,154,98,6
Exposed,0,98,6
Infectious,0,98,6
Recovered,346,98,6
Susceptible,499,0,7
Exposed,0,0,7
Infectious,1,0,7
Recovered,0,0,7
Susceptible,499,1,7
Exposed,0,1,7
Infectious,1,1,7
Recovered,0,1,7
Susceptible,499,2,7
Exposed,0,2,7
Infectious,1,2,7
Recovered,0,2,7
Susceptible,499,3,7
Exposed,0,3,7
Infectious,1,3,7
Recovered,0,3,7
Susceptible,499,4,7
Exposed,0,4,7
Infectious,1,4,7
Recovered,0,4,7
Susceptible,498,5,7
Exposed,1,5,7
Infectious,1,5,7
Recovered,0,5,7
Susceptible,497,6,7
Exposed,2,6,7
Infectious,1,6,7
Recovered,0,6,7
Susceptible,495,7,7
Exposed,3,7,7
Infectious,1,7,7
Recovered,1,7,7
Susceptible,494,8,7
Exposed,4,8,7
Infectious,1,8,7
Recovered,1,8,7
Susceptible,492,9,7
Exposed,4,9,7
Infectious,2,9,7
Recovered,2,9,7
Susceptible,490,10,7
Exposed,3,10,7
Infectious,5,10,7
Recovered,2,10,7
Susceptible,486,11,7
Exposed,7,11,7
Infectious,4,11,7
Recovered,3,11,7
Susceptible,483,12,7
Exposed,8,12,7
Infectious,5,12,7
Recovered,4,12,7
Susceptible,481,13,7
Exposed,6,13,7
Infectious,7,13,7
Recovered,6,13,7
Susceptible,479,14,7
Exposed,5,14,7
Infectious,7,14,7
Recovered,9,14,7
Susceptible,478,15,7
Exposed,6,15,7
Infectious,6,15,7
Recovered,10,15,7
Susceptible,478,16,7
Exposed,3,16,7
Infectious,9,16,7
Recovered,10,16,7
Susceptible,471,17,7
Exposed,7,17,7
Infectious,10,17,7
Recovered,12,17,7
Susceptible,469,18,7
Exposed,8,18,7
Infectious,8,18,7
Recovered,15,18,7
Susceptible,465,19,7
Exposed,9,19,7
Infectious,8,19,7
Recovered,18,19,7
Susceptible,462,20,7
Exposed,9,20,7
Infectious,6,20,7
Recovered,23,20,7
Susceptible,461,21,7
Exposed,8,21,7
Infectious,7,21,7
Recovered,24,21,7
Susceptible,455,22,7
Exposed,11,22,7
Infectious,7,22,7
Recovered,27,22,7
Susceptible,451,23,7
Exposed,11,23,7
Infectious,8,23,7
Recovered,30,23,7
Susceptible,444,24,7
Exposed,13,24,7
Infectious,13,24,7
Recovered,30,24,7
Susceptible,439,25,7
Exposed,11,25,7
Infectious,17,25,7
Recovered,33,25,7
Susceptible,436,26,7
Exposed,9,26,7
Infectious,18,26,7
Recovered,37,26,7
Susceptible,432,27,7
Exposed,7,27,7
Infectious,21,27,7
Recovered,40,27,7
Susceptible,419,28,7
Exposed,18,28,7
Infectious,15,28,7
Recovered,48,28,7
Susceptible,411,29,7
Exposed,19,29,7
Infectious,15,29,7
Recovered,55,29,7
Susceptible,404,30,7
Exposed,19,30,7
Infectious,18,30,7
Recovered,59,30,7
Susceptible,397,31,7
Exposed,20,31,7
Infectious,20,31,7
Recovered,63,31,7
Susceptible,389,32,7
Exposed,19,32,7
Infectious,25,32,7
Recovered,67,32,7
Susceptible,381,33,7
Exposed,18,33,7
Infectious,25,33,7
Recovered,76,33,7
Susceptible,367,34,7
Exposed,28,34,7
Infectious,19,34,7
Recovered,86,34,7
Susceptible,362,35,7
Exposed,21,35,7
Infectious,27,35,7
Recovered,90,35,7
Susceptible,350,36,7
Exposed,22,36,7
Infectious,28,36,7
Recovered,100,36,7
Susceptible,340,37,7
Exposed,25,37,7
Infectious,24,37,7
Recovered,111,37,7
Susceptible,331,38,7
Exposed,23,38,7
Infectious,28,38,7
Recovered,118,38,7
Susceptible,325,39,7
Exposed,19,39,7
Infectious,31,39,7
Recovered,125,39,7
Susceptible,315,40,7
Exposed,18,40,7
Infectious,33,40,7
Recovered,134,40,7
Susceptible,304,41,7
Exposed,21,41,7
Infectious,26,41,7
Recovered,149,41,7
Susceptible,299,42,7
Exposed,20,42,7
Infectious,27,42,7
Recovered,154,42,7
Susceptible,288,43,7
Exposed,23,43,7
Infectious,28,43,7
Recovered,161,43,7
Susceptible,283,44,7
Exposed,17,44,7
Infectious,29,44,7
Recovered,171,44,7
Susceptible,279,45,7
Exposed,17,45,7
Infectious,20,45,7
Recovered,184,45,7
Susceptible,270,46,7
Exposed,20,46,7
Infectious,18,46,7
Recovered,192,46,7
Susceptible,264,47,7
Exposed,18,47,7
Infectious,22,47,7
Recovered,196,47,7
Susceptible,257,48,7
Exposed,16,48,7
Infectious,24,48,7
Recovered,203,48,7
Susceptible,249,49,7
Exposed,16,49,7
Infectious,20,49,7
Recovered,215,49,7
Susceptible,246,50,7
Exposed,13,50,7
Infectious,18,50,7
Recovered,223,50,7
Susceptible,242,51,7
Exposed,12,51,7
Infectious,18,51,7
Recovered,228,51,7
Susceptible,238,52,7
Exposed,10,52,7
Infectious,16,52,7
Recovered,236,52,7
Susceptible,236,53,7
Exposed,9,53,7
Infectious,16,53,7
Recovered,239,53,7
Susceptible,230,54,7
Exposed,11,54,7
Infectious,14,54,7
Recovered,245,54,7
Susceptible,223,55,7
Exposed,14,55,7
Infectious,11,55,7
Recovered,252,55,7
Susceptible,219,56,7
Exposed,13,56,7
Infectious,12,56,7
Recovered,256,56,7
Susceptible,213,57,7
Exposed,12,57,7
Infectious,15,57,7
Recovered,260,57,7
Susceptible,211,58,7
Exposed,7,58,7
Infectious,16,58,7
Recovered,266,58,7
Susceptible,205,59,7
Exposed,11,59,7
Infectious,13,59,7
Recovered,271,59,7
Susceptible,202,60,7
Exposed,12,60,7
Infectious,12,60,7
Recovered,274,60,7
Susceptible,200,61,7
Exposed,10,61,7
Infectious,11,61,7
Recovered,279,61,7
Susceptible,195,62,7
Exposed,10,62,7
Infectious,15,62,7
Recovered,280,62,7
Susceptible,191,63,7
Exposed,11,63,7
Infectious,11,63,7
Recovered,287,63,7
Susceptible,188,64,7
Exposed,11,64,7
Infectious,8,64,7
Recovered,293,64,7
Susceptible,188,65,7
Exposed,6,65,7
Infectious,10,65,7
Recovered,296,65,7
Susceptible,185,66,7
Exposed,5,66,7
Infectious,12,66,7
Recovered,298,66,7
Susceptible,184,67,7
Exposed,6,67,7
Infectious,7,67,7
Recovered,303,67,7
Susceptible,183,68,7
Exposed,3,68,7
Infectious,11,68,7
Recovered,303,68,7
Susceptible,180,69,7
Exposed,6,69,7
Infectious,6,69,7
Recovered,308,69,7
Susceptible,178,70,7
Exposed,5,70,7
Infectious,6,70,7
Recovered,311,70,7
Susceptible,176,71,7
Exposed,6,71,7
Infectious,7,71,7
Recovered,311,71,7
Susceptible,175,72,7
Exposed,5,72,7
Infectious,5,72,7
Recovered,315,72,7
Susceptible,173,73,7
Exposed,5,73,7
Infectious,7,73,7
Recovered,315,73,7
Susceptible,171,74,7
Exposed,4,74,7
Infectious,7,74,7
Recovered,318,74,7
Susceptible,170,75,7
Exposed,2,75,7
Infectious,8,75,7
Recovered,320,75,7
Susceptible,170,76,7
Exposed,2,76,7
Infectious,5,76,7
Recovered,323,76,7
Susceptible,170,77,7
Exposed,0,77,7
Infectious,6,77,7
Recovered,324,77,7
Susceptible,169,78,7
Exposed,1,78,7
Infectious,5,78,7
Recovered,325,78,7
Susceptible,166,79,7
Exposed,4,79,7
Infectious,4,79,7
Recovered,326,79,7
Susceptible,166,80,7
Exposed,3,80,7
Infectious,3,80,7
Recovered,328,80,7
Susceptible,166,81,7
Exposed,2,81,7
Infectious,3,81,7
Recovered,329,81,7
Susceptible,166,82,7
Exposed,1,82,7
Infectious,2,82,7
Recovered,331,82,7
Susceptible,165,83,7
Exposed,2,83,7
Infectious,2,83,7
Recovered,331,83,7
Susceptible,165,84,7
Exposed,1,84,7
Infectious,1,84,7
Recovered,333,84,7
Susceptible,165,85,7
Exposed,1,85,7
Infectious,1,85,7
Recovered,333,85,7
Susceptible,165,86,7
Exposed,0,86,7
Infectious,2,86,7
Recovered,333,86,7
Susceptible,165,87,7
Exposed,0,87,7
Infectious,2,87,7
Recovered,333,87,7
Susceptible,165,88,7
Exposed,0,88,7
Infectious,2,88,7
Recovered,333,88,7
Susceptible,164,89,7
Exposed,1,89,7
Infectious,0,89,7
Recovered,335,89,7
Susceptible,164,90,7
Exposed,1,90,7
Infectious,0,90,7
Recovered,335,90,7
Susceptible,164,91,7
Exposed,1,91,7
Infectious,0,91,7
Recovered,335,91,7
Susceptible,164,92,7
Exposed,0,92,7
Infectious,1,92,7
Recovered,335,92,7
Susceptible,164,93,7
Exposed,0,93,7
Infectious,1,93,7
Recovered,335,93,7
Susceptible,164,94,7
Exposed,0,94,7
Infectious,1,94,7
Recovered,335,94,7
Susceptible,163,95,7
Exposed,1,95,7
Infectious,1,95,7
Recovered,335,95,7
Susceptible,162,96,7
Exposed,2,96,7
Infectious,0,96,7
Recovered,336,96,7
Susceptible,162,97,7
Exposed,0,97,7
Infectious,2,97,7
Recovered,336,97,7
Susceptible,161,98,7
Exposed,1,98,7
Infectious,2,98,7
Recovered,336,98,7
Susceptible,161,99,7
Exposed,1,99,7
Infectious,1,99,7
Recovered,337,99,7
Susceptible,161,100,7
Exposed,1,100,7
Infectious,1,100,7
Recovered,337,100,7
Susceptible,161,101,7
Exposed,1,101,7
Infectious,0,101,7
Recovered,338,101,7
Susceptible,161,102,7
Exposed,0,102,7
Infectious,1,102,7
Recovered,338,102,7
Susceptible,161,103,7
Exposed,0,103,7
Infectious,1,103,7
Recovered,338,103,7
Susceptible,161,104,7
Exposed,0,104,7
Infectious,1,104,7
Recovered,338,104,7
Susceptible,160,105,7
Exposed,1,105,7
Infectious,1,105,7
Recovered,338,105,7
Susceptible,160,106,7
Exposed,1,106,7
Infectious,0,106,7
Recovered,339,106,7
Susceptible,160,107,7
Exposed,1,107,7
Infectious,0,107,7
Recovered,339,107,7
Susceptible,160,108,7
Exposed,0,108,7
Infectious,1,108,7
Recovered,339,108,7
Susceptible,160,109,7
Exposed,0,109,7
Infectious,0,109,7
Recovered,340,109,7
Susceptible,499,0,8
Exposed,0,0,8
Infectious,1,0,8
Recovered,0,0,8
Susceptible,497,1,8
Exposed,2,1,8
Infectious,1,1,8
Recovered,0,1,8
Susceptible,496,2,8
Exposed,3,2,8
Infectious,0,2,8
Recovered,1,2,8
Susceptible,496,3,8
Exposed,2,3,8
Infectious,1,3,8
Recovered,1,3,8
Susceptible,496,4,8
Exposed,2,4,8
Infectious,1,4,8
Recovered,1,4,8
Susceptible,496,5,8
Exposed,0,5,8
Infectious,3,5,8
Recovered,1,5,8
Susceptible,494,6,8
Exposed,2,6,8
Infectious,3,6,8
Recovered,1,6,8
Susceptible,494,7,8
Exposed,2,7,8
Infectious,1,7,8
Recovered,3,7,8
Susceptible,492,8,8
Exposed,2,8,8
Infectious,3,8,8
Recovered,3,8,8
Susceptible,490,9,8
Exposed,3,9,8
Infectious,4,9,8
Recovered,3,9,8
Susceptible,490,10,8
Exposed,2,10,8
Infectious,3,10,8
Recovered,5,10,8
Susceptible,488,11,8
Exposed,4,11,8
Infectious,0,11,8
Recovered,8,11,8
Susceptible,488,12,8
Exposed,2,12,8
Infectious,2,12,8
Recovered,8,12,8
Susceptible,488,13,8
Exposed,0,13,8
Infectious,4,13,8
Recovered,8,13,8
Susceptible,485,14,8
Exposed,3,14,8
Infectious,3,14,8
Recovered,9,14,8
Susceptible,485,15,8
Exposed,2,15,8
Infectious,4,15,8
Recovered,9,15,8
Susceptible,483,16,8
Exposed,4,16,8
Infectious,3,16,8
Recovered,10,16,8
Susceptible,483,17,8
Exposed,2,17,8
Infectious,4,17,8
Recovered,11,17,8
Susceptible,482,18,8
Exposed,1,18,8
Infectious,4,18,8
Recovered,13,18,8
Susceptible,481,19,8
Exposed,2,19,8
Infectious,4,19,8
Recovered,13,19,8
Susceptible,481,20,8
Exposed,1,20,8
Infectious,3,20,8
Recovered,15,20,8
Susceptible,480,21,8
Exposed,1,21,8
Infectious,4,21,8
Recovered,15,21,8
Susceptible,478,22,8
Exposed,2,22,8
Infectious,3,22,8
Recovered,17,22,8
Susceptible,476,23,8
Exposed,4,23,8
Infectious,2,23,8
Recovered,18,23,8
Susceptible,476,24,8
Exposed,2,24,8
Infectious,3,24,8
Recovered,19,24,8
Susceptible,475,25,8
Exposed,2,25,8
Infectious,3,25,8
Recovered,20,25,8
Susceptible,473,26,8
Exposed,3,26,8
Infectious,4,26,8
Recovered,20,26,8
Susceptible,470,27,8
Exposed,6,27,8
Infectious,4,27,8
Recovered,20,27,8
Susceptible,469,28,8
Exposed,5,28,8
Infectious,2,28,8
Recovered,24,28,8
Susceptible,468,29,8
Exposed,2,29,8
Infectious,5,29,8
Recovered,25,29,8
Susceptible,467,30,8
Exposed,2,30,8
Infectious,5,30,8
Recovered,26,30,8
Susceptible,466,31,8
Exposed,3,31,8
Infectious,5,31,8
Recovered,26,31,8
Susceptible,465,32,8
Exposed,1,32,8
Infectious,7,32,8
Recovered,27,32,8
Susceptible,462,33,8
Exposed,4,33,8
Infectious,4,33,8
Recovered,30,33,8
Susceptible,461,34,8
Exposed,4,34,8
Infectious,4,34,8
Recovered,31,34,8
Susceptible,461,35,8
Exposed,2,35,8
Infectious,5,35,8
Recovered,32,35,8
Susceptible,458,36,8
Exposed,3,36,8
Infectious,4,36,8
Recovered,35,36,8
Susceptible,455,37,8
Exposed,6,37,8
Infectious,2,37,8
Recovered,37,37,8
Susceptible,453,38,8
Exposed,5,38,8
Infectious,5,38,8
Recovered,37,38,8
Susceptible,453,39,8
Exposed,2,39,8
Infectious,5,39,8
Recovered,40,39,8
Susceptible,451,40,8
Exposed,3,40,8
Infectious,5,40,8
Recovered,41,40,8
Susceptible,451,41,8
Exposed,3,41,8
Infectious,3,41,8
Recovered,43,41,8
Susceptible,448,42,8
Exposed,6,42,8
Infectious,3,42,8
Recovered,43,42,8
Susceptible,444,43,8
Exposed,8,43,8
Infectious,3,43,8
Recovered,45,43,8
Susceptible,442,44,8
Exposed,7,44,8
Infectious,5,44,8
Recovered,46,44,8
Susceptible,440,45,8
Exposed,5,45,8
Infectious,7,45,8
Recovered,48,45,8
Susceptible,437,46,8
Exposed,6,46,8
Infectious,8,46,8
Recovered,49,46,8
Susceptible,436,47,8
Exposed,5,47,8
Infectious,8,47,8
Recovered,51,47,8
Susceptible,433,48,8
Exposed,5,48,8
Infectious,6,48,8
Recovered,56,48,8
Susceptible,426,49,8
Exposed,9,49,8
Infectious,8,49,8
Recovered,57,49,8
Susceptible,419,50,8
Exposed,13,50,8
Infectious,8,50,8
Recovered,60,50,8
Susceptible,416,51,8
Exposed,13,51,8
Infectious,6,51,8
Recovered,65,51,8
Susceptible,413,52,8
Exposed,9,52,8
Infectious,12,52,8
Recovered,66,52,8
Susceptible,407,53,8
Exposed,10,53,8
Infectious,12,53,8
Recovered,71,53,8
Susceptible,402,54,8
Exposed,13,54,8
Infectious,11,54,8
Recovered,74,54,8
Susceptible,398,55,8
Exposed,12,55,8
Infectious,11,55,8
Recovered,79,55,8
Susceptible,394,56,8
Exposed,10,56,8
Infectious,14,56,8
Recovered,82,56,8
Susceptible,389,57,8
Exposed,12,57,8
Infectious,14,57,8
Recovered,85,57,8
Susceptible,380,58,8
Exposed,16,58,8
Infectious,15,58,8
Recovered,89,58,8
Susceptible,373,59,8
Exposed,17,59,8
Infectious,16,59,8
Recovered,94,59,8
Susceptible,370,60,8
Exposed,13,60,8
Infectious,18,60,8
Recovered,99,60,8
Susceptible,362,61,8
Exposed,16,61,8
Infectious,18,61,8
Recovered,104,61,8
Susceptible,351,62,8
Exposed,18,62,8
Infectious,22,62,8
Recovered,109,62,8
Susceptible,339,63,8
Exposed,23,63,8
Infectious,21,63,8
Recovered,117,63,8
Susceptible,330,64,8
Exposed,26,64,8
Infectious,22,64,8
Recovered,122,64,8
Susceptible,317,65,8
Exposed,30,65,8
Infectious,25,65,8
Recovered,128,65,8
Susceptible,306,66,8
Exposed,21,66,8
Infectious,35,66,8
Recovered,138,66,8
Susceptible,295,67,8
Exposed,24,67,8
Infectious,36,67,8
Recovered,145,67,8
Susceptible,280,68,8
Exposed,31,68,8
Infectious,31,68,8
Recovered,158,68,8
Susceptible,272,69,8
Exposed,27,69,8
Infectious,36,69,8
Recovered,165,69,8
Susceptible,263,70,8
Exposed,27,70,8
Infectious,33,70,8
Recovered,177,70,8
Susceptible,253,71,8
Exposed,23,71,8
Infectious,39,71,8
Recovered,185,71,8
Susceptible,247,72,8
Exposed,21,72,8
Infectious,35,72,8
Recovered,197,72,8
Susceptible,236,73,8
Exposed,28,73,8
Infectious,34,73,8
Recovered,202,73,8
Susceptible,227,74,8
Exposed,26,74,8
Infectious,34,74,8
Recovered,213,74,8
Susceptible,221,75,8
Exposed,20,75,8
Infectious,37,75,8
Recovered,222,75,8
Susceptible,216,76,8
Exposed,13,76,8
Infectious,39,76,8
Recovered,232,76,8
Susceptible,208,77,8
Exposed,14,77,8
Infectious,29,77,8
Recovered,249,77,8
Susceptible,201,78,8
Exposed,14,78,8
Infectious,24,78,8
Recovered,261,78,8
Susceptible,198,79,8
Exposed,14,79,8
Infectious,18,79,8
Recovered,270,79,8
Susceptible,197,80,8
Exposed,8,80,8
Infectious,17,80,8
Recovered,278,80,8
Susceptible,195,81,8
Exposed,6,81,8
Infectious,15,81,8
Recovered,284,81,8
Susceptible,193,82,8
Exposed,4,82,8
Infectious,9,82,8
Recovered,294,82,8
Susceptible,191,83,8
Exposed,4,83,8
Infectious,8,83,8
Recovered,297,83,8
Susceptible,188,84,8
Exposed,7,84,8
Infectious,6,84,8
Recovered,299,84,8
Susceptible,188,85,8
Exposed,3,85,8
Infectious,7,85,8
Recovered,302,85,8
Susceptible,188,86,8
Exposed,0,86,8
Infectious,10,86,8
Recovered,302,86,8
Susceptible,188,87,8
Exposed,0,87,8
Infectious,5,87,8
Recovered,307,87,8
Susceptible,188,88,8
Exposed,0,88,8
Infectious,4,88,8
Recovered,308,88,8
Susceptible,188,89,8
Exposed,0,89,8
Infectious,3,89,8
Recovered,309,89,8
Susceptible,187,90,8
Exposed,1,90,8
Infectious,1,90,8
Recovered,311,90,8
Susceptible,187,91,8
Exposed,0,91,8
Infectious,1,91,8
Recovered,312,91,8
Susceptible,187,92,8
Exposed,0,92,8
Infectious,1,92,8
Recovered,312,92,8
Susceptible,187,93,8
Exposed,0,93,8
Infectious,0,93,8
Recovered,313,93,8
Susceptible,499,0,9
Exposed,0,0,9
Infectious,1,0,9
Recovered,0,0,9
Susceptible,498,1,9
Exposed,1,1,9
Infectious,1,1,9
Recovered,0,1,9
Susceptible,498,2,9
Exposed,1,2,9
Infectious,1,2,9
Recovered,0,2,9
Susceptible,498,3,9
Exposed,1,3,9
Infectious,1,3,9
Recovered,0,3,9
Susceptible,498,4,9
Exposed,1,4,9
Infectious,1,4,9
Recovered,0,4,9
Susceptible,498,5,9
Exposed,0,5,9
Infectious,2,5,9
Recovered,0,5,9
Susceptible,498,6,9
Exposed,0,6,9
Infectious,2,6,9
Recovered,0,6,9
Susceptible,497,7,9
Exposed,1,7,9
Infectious,1,7,9
Recovered,1,7,9
Susceptible,497,8,9
Exposed,1,8,9
Infectious,1,8,9
Recovered,1,8,9
Susceptible,496,9,9
Exposed,1,9,9
Infectious,1,9,9
Recovered,2,9,9
Susceptible,496,10,9
Exposed,1,10,9
Infectious,0,10,9
Recovered,3,10,9
Susceptible,496,11,9
Exposed,0,11,9
Infectious,1,11,9
Recovered,3,11,9
Susceptible,495,12,9
Exposed,1,12,9
Infectious,0,12,9
Recovered,4,12,9
Susceptible,495,13,9
Exposed,1,13,9
Infectious,0,13,9
Recovered,4,13,9
Susceptible,495,14,9
Exposed,1,14,9
Infectious,0,14,9
Recovered,4,14,9
Susceptible,495,15,9
Exposed,1,15,9
Infectious,0,15,9
Recovered,4,15,9
Susceptible,495,16,9
Exposed,1,16,9
Infectious,0,16,9
Recovered,4,16,9
Susceptible,495,17,9
Exposed,0,17,9
Infectious,1,17,9
Recovered,4,17,9
Susceptible,495,18,9
Exposed,0,18,9
Infectious,1,18,9
Recovered,4,18,9
Susceptible,493,19,9
Exposed,2,19,9
Infectious,1,19,9
Recovered,4,19,9
Susceptible,493,20,9
Exposed,1,20,9
Infectious,2,20,9
Recovered,4,20,9
Susceptible,491,21,9
Exposed,2,21,9
Infectious,2,21,9
Recovered,5,21,9
Susceptible,491,22,9
Exposed,2,22,9
Infectious,1,22,9
Recovered,6,22,9
Susceptible,491,23,9
Exposed,2,23,9
Infectious,1,23,9
Recovered,6,23,9
Susceptible,491,24,9
Exposed,0,24,9
Infectious,2,24,9
Recovered,7,24,9
Susceptible,491,25,9
Exposed,0,25,9
Infectious,1,25,9
Recovered,8,25,9
Susceptible,491,26,9
Exposed,0,26,9
Infectious,0,26,9
Recovered,9,26,9
Susceptible,499,0,10
Exposed,0,0,10
Infectious,1,0,10
Recovered,0,0,10
Susceptible,499,1,10
Exposed,0,1,10
Infectious,1,1,10
Recovered,0,1,10
Susceptible,499,2,10
Exposed,0,2,10
Infectious,0,2,10
Recovered,1,2,10
Susceptible,499,0,11
Exposed,0,0,11
Infectious,1,0,11
Recovered,0,0,11
Susceptible,497,1,11
Exposed,2,1,11
Infectious,1,1,11
Recovered,0,1,11
Susceptible,497,2,11
Exposed,1,2,11
Infectious,1,2,11
Recovered,1,2,11
Susceptible,497,3,11
Exposed,1,3,11
Infectious,1,3,11
Recovered,1,3,11
Susceptible,496,4,11
Exposed,1,4,11
Infectious,1,4,11
Recovered,2,4,11
Susceptible,496,5,11
Exposed,1,5,11
Infectious,0,5,11
Recovered,3,5,11
Susceptible,496,6,11
Exposed,0,6,11
Infectious,1,6,11
Recovered,3,6,11
Susceptible,496,7,11
Exposed,0,7,11
Infectious,0,7,11
Recovered,4,7,11
Susceptible,499,0,12
Exposed,0,0,12
Infectious,1,0,12
Recovered,0,0,12
Susceptible,498,1,12
Exposed,1,1,12
Infectious,1,1,12
Recovered,0,1,12
Susceptible,498,2,12
Exposed,1,2,12
Infectious,0,2,12
Recovered,1,2,12
Susceptible,498,3,12
Exposed,1,3,12
Infectious,0,3,12
Recovered,1,3,12
Susceptible,498,4,12
Exposed,0,4,12
Infectious,1,4,12
Recovered,1,4,12
Susceptible,498,5,12
Exposed,0,5,12
Infectious,1,5,12
Recovered,1,5,12
Susceptible,498,6,12
Exposed,0,6,12
Infectious,1,6,12
Recovered,1,6,12
Susceptible,498,7,12
Exposed,0,7,12
Infectious,0,7,12
Recovered,2,7,12
Susceptible,499,0,13
Exposed,0,0,13
Infectious,1,0,13
Recovered,0,0,13
Susceptible,498,1,13
Exposed,1,1,13
Infectious,1,1,13
Recovered,0,1,13
Susceptible,498,2,13
Exposed,1,2,13
Infectious,0,2,13
Recovered,1,2,13
Susceptible,498,3,13
Exposed,1,3,13
Infectious,0,3,13
Recovered,1,3,13
Susceptible,498,4,13
Exposed,0,4,13
Infectious,1,4,13
Recovered,1,4,13
Susceptible,498,5,13
Exposed,0,5,13
Infectious,1,5,13
Recovered,1,5,13
Susceptible,498,6,13
Exposed,0,6,13
Infectious,1,6,13
Recovered,1,6,13
Susceptible,498,7,13
Exposed,0,7,13
Infectious,0,7,13
Recovered,2,7,13
Susceptible,499,0,14
Exposed,0,0,14
Infectious,1,0,14
Recovered,0,0,14
Susceptible,498,1,14
Exposed,1,1,14
Infectious,1,1,14
Recovered,0,1,14
Susceptible,496,2,14
Exposed,3,2,14
Infectious,1,2,14
Recovered,0,2,14
Susceptible,495,3,14
Exposed,3,3,14
Infectious,2,3,14
Recovered,0,3,14
Susceptible,495,4,14
Exposed,1,4,14
Infectious,2,4,14
Recovered,2,4,14
Susceptible,495,5,14
Exposed,0,5,14
Infectious,2,5,14
Recovered,3,5,14
Susceptible,493,6,14
Exposed,2,6,14
Infectious,2,6,14
Recovered,3,6,14
Susceptible,493,7,14
Exposed,1,7,14
Infectious,2,7,14
Recovered,4,7,14
Susceptible,491,8,14
Exposed,3,8,14
Infectious,2,8,14
Recovered,4,8,14
Susceptible,488,9,14
Exposed,5,9,14
Infectious,3,9,14
Recovered,4,9,14
Susceptible,486,10,14
Exposed,5,10,14
Infectious,5,10,14
Recovered,4,10,14
Susceptible,485,11,14
Exposed,4,11,14
Infectious,5,11,14
Recovered,6,11,14
Susceptible,484,12,14
Exposed,3,12,14
Infectious,6,12,14
Recovered,7,12,14
Susceptible,482,13,14
Exposed,5,13,14
Infectious,5,13,14
Recovered,8,13,14
Susceptible,479,14,14
Exposed,5,14,14
Infectious,6,14,14
Recovered,10,14,14
Susceptible,479,15,14
Exposed,4,15,14
Infectious,6,15,14
Recovered,11,15,14
Susceptible,477,16,14
Exposed,3,16,14
Infectious,4,16,14
Recovered,16,16,14
Susceptible,476,17,14
Exposed,2,17,14
Infectious,6,17,14
Recovered,16,17,14
Susceptible,473,18,14
Exposed,5,18,14
Infectious,5,18,14
Recovered,17,18,14
Susceptible,469,19,14
Exposed,6,19,14
Infectious,7,19,14
Recovered,18,19,14
Susceptible,464,20,14
Exposed,7,20,14
Infectious,9,20,14
Recovered,20,20,14
Susceptible,458,21,14
Exposed,12,21,14
Infectious,9,21,14
Recovered,21,21,14
Susceptible,454,22,14
Exposed,10,22,14
Infectious,12,22,14
Recovered,24,22,14
Susceptible,451,23,14
Exposed,8,23,14
Infectious,14,23,14
Recovered,27,23,14
Susceptible,443,24,14
Exposed,14,24,14
Infectious,9,24,14
Recovered,34,24,14
Susceptible,435,25,14
Exposed,21,25,14
Infectious,9,25,14
Recovered,35,25,14
Susceptible,427,26,14
Exposed,20,26,14
Infectious,15,26,14
Recovered,38,26,14
Susceptible,424,27,14
Exposed,18,27,14
Infectious,12,27,14
Recovered,46,27,14
Susceptible,422,28,14
Exposed,8,28,14
Infectious,21,28,14
Recovered,49,28,14
Susceptible,417,29,14
Exposed,9,29,14
Infectious,20,29,14
Recovered,54,29,14
Susceptible,404,30,14
Exposed,18,30,14
Infectious,13,30,14
Recovered,65,30,14
Susceptible,402,31,14
Exposed,13,31,14
Infectious,15,31,14
Recovered,70,31,14
Susceptible,394,32,14
Exposed,14,32,14
Infectious,17,32,14
Recovered,75,32,14
Susceptible,385,33,14
Exposed,16,33,14
Infectious,20,33,14
Recovered,79,33,14
Susceptible,379,34,14
Exposed,16,34,14
Infectious,19,34,14
Recovered,86,34,14
Susceptible,370,35,14
Exposed,18,35,14
Infectious,20,35,14
Recovered,92,35,14
Susceptible,359,36,14
Exposed,21,36,14
Infectious,21,36,14
Recovered,99,36,14
Susceptible,354,37,14
Exposed,19,37,14
Infectious,22,37,14
Recovered,105,37,14
Susceptible,344,38,14
Exposed,19,38,14
Infectious,25,38,14
Recovered,112,38,14
Susceptible,335,39,14
Exposed,24,39,14
Infectious,18,39,14
Recovered,123,39,14
Susceptible,324,40,14
Exposed,28,40,14
Infectious,20,40,14
Recovered,128,40,14
Susceptible,320,41,14
Exposed,26,41,14
Infectious,21,41,14
Recovered,133,41,14
Susceptible,308,42,14
Exposed,31,42,14
Infectious,19,42,14
Recovered,142,42,14
Susceptible,303,43,14
Exposed,22,43,14
Infectious,26,43,14
Recovered,149,43,14
Susceptible,296,44,14
Exposed,17,44,14
Infectious,30,44,14
Recovered,157,44,14
Susceptible,287,45,14
Exposed,20,45,14
Infectious,26,45,14
Recovered,167,45,14
Susceptible,278,46,14
Exposed,20,46,14
Infectious,29,46,14
Recovered,173,46,14
Susceptible,271,47,14
Exposed,19,47,14
Infectious,29,47,14
Recovered,181,47,14
Susceptible,260,48,14
Exposed,21,48,14
Infectious,28,48,14
Recovered,191,48,14
Susceptible,255,49,14
Exposed,20,49,14
Infectious,18,49,14
Recovered,207,49,14
Susceptible,249,50,14
Exposed,17,50,14
Infectious,23,50,14
Recovered,211,50,14
Susceptible,243,51,14
Exposed,16,51,14
Infectious,22,51,14
Recovered,219,51,14
Susceptible,236,52,14
Exposed,16,52,14
Infectious,14,52,14
Recovered,234,52,14
Susceptible,232,53,14
Exposed,14,53,14
Infectious,17,53,14
Recovered,237,53,14
Susceptible,229,54,14
Exposed,12,54,14
Infectious,16,54,14
Recovered,243,54,14
Susceptible,226,55,14
Exposed,10,55,14
Infectious,17,55,14
Recovered,247,55,14
Susceptible,222,56,14
Exposed,8,56,14
Infectious,15,56,14
Recovered,255,56,14
Susceptible,219,57,14
Exposed,11,57,14
Infectious,11,57,14
Recovered,259,57,14
Susceptible,218,58,14
Exposed,5,58,14
Infectious,11,58,14
Recovered,266,58,14
Susceptible,218,59,14
Exposed,3,59,14
Infectious,9,59,14
Recovered,270,59,14
Susceptible,217,60,14
Exposed,3,60,14
Infectious,7,60,14
Recovered,273,60,14
Susceptible,215,61,14
Exposed,4,61,14
Infectious,4,61,14
Recovered,277,61,14
Susceptible,213,62,14
Exposed,5,62,14
Infectious,5,62,14
Recovered,277,62,14
Susceptible,211,63,14
Exposed,7,63,14
Infectious,5,63,14
Recovered,277,63,14
Susceptible,210,64,14
Exposed,7,64,14
Infectious,3,64,14
Recovered,280,64,14
Susceptible,209,65,14
Exposed,2,65,14
Infectious,8,65,14
Recovered,281,65,14
Susceptible,208,66,14
Exposed,2,66,14
Infectious,8,66,14
Recovered,282,66,14
Susceptible,206,67,14
Exposed,3,67,14
Infectious,6,67,14
Recovered,285,67,14
Susceptible,204,68,14
Exposed,4,68,14
Infectious,4,68,14
Recovered,288,68,14
Susceptible,203,69,14
Exposed,5,69,14
Infectious,3,69,14
Recovered,289,69,14
Susceptible,202,70,14
Exposed,3,70,14
Infectious,4,70,14
Recovered,291,70,14
Susceptible,201,71,14
Exposed,4,71,14
Infectious,4,71,14
Recovered,291,71,14
Susceptible,200,72,14
Exposed,2,72,14
Infectious,6,72,14
Recovered,292,72,14
Susceptible,199,73,14
Exposed,3,73,14
Infectious,4,73,14
Recovered,294,73,14
Susceptible,198,74,14
Exposed,2,74,14
Infectious,3,74,14
Recovered,297,74,14
Susceptible,198,75,14
Exposed,1,75,14
Infectious,3,75,14
Recovered,298,75,14
Susceptible,198,76,14
Exposed,0,76,14
Infectious,4,76,14
Recovered,298,76,14
Susceptible,198,77,14
Exposed,0,77,14
Infectious,2,77,14
Recovered,300,77,14
Susceptible,197,78,14
Exposed,1,78,14
Infectious,1,78,14
Recovered,301,78,14
Susceptible,197,79,14
Exposed,1,79,14
Infectious,1,79,14
Recovered,301,79,14
Susceptible,197,80,14
Exposed,1,80,14
Infectious,0,80,14
Recovered,302,80,14
Susceptible,197,81,14
Exposed,1,81,14
Infectious,0,81,14
Recovered,302,81,14
Susceptible,197,82,14
Exposed,0,82,14
Infectious,1,82,14
Recovered,302,82,14
Susceptible,197,83,14
Exposed,0,83,14
Infectious,0,83,14
Recovered,303,83,14
Susceptible,499,0,15
Exposed,0,0,15
Infectious,1,0,15
Recovered,0,0,15
Susceptible,498,1,15
Exposed,1,1,15
Infectious,1,1,15
Recovered,0,1,15
Susceptible,497,2,15
Exposed,1,2,15
Infectious,2,2,15
Recovered,0,2,15
Susceptible,495,3,15
Exposed,2,3,15
Infectious,3,3,15
Recovered,0,3,15
Susceptible,495,4,15
Exposed,2,4,15
Infectious,3,4,15
Recovered,0,4,15
Susceptible,493,5,15
Exposed,4,5,15
Infectious,2,5,15
Recovered,1,5,15
Susceptible,492,6,15
Exposed,3,6,15
Infectious,4,6,15
Recovered,1,6,15
Susceptible,492,7,15
Exposed,2,7,15
Infectious,5,7,15
Recovered,1,7,15
Susceptible,490,8,15
Exposed,4,8,15
Infectious,5,8,15
Recovered,1,8,15
Susceptible,489,9,15
Exposed,4,9,15
Infectious,1,9,15
Recovered,6,9,15
Susceptible,487,10,15
Exposed,3,10,15
Infectious,3,10,15
Recovered,7,10,15
Susceptible,485,11,15
Exposed,4,11,15
Infectious,3,11,15
Recovered,8,11,15
Susceptible,484,12,15
Exposed,3,12,15
Infectious,5,12,15
Recovered,8,12,15
Susceptible,482,13,15
Exposed,3,13,15
Infectious,3,13,15
Recovered,12,13,15
Susceptible,480,14,15
Exposed,3,14,15
Infectious,5,14,15
Recovered,12,14,15
Susceptible,478,15,15
Exposed,3,15,15
Infectious,6,15,15
Recovered,13,15,15
Susceptible,476,16,15
Exposed,4,16,15
Infectious,6,16,15
Recovered,14,16,15
Susceptible,472,17,15
Exposed,6,17,15
Infectious,8,17,15
Recovered,14,17,15
Susceptible,466,18,15
Exposed,12,18,15
Infectious,5,18,15
Recovered,17,18,15
Susceptible,466,19,15
Exposed,9,19,15
Infectious,7,19,15
Recovered,18,19,15
Susceptible,464,20,15
Exposed,8,20,15
Infectious,7,20,15
Recovered,21,20,15
Susceptible,459,21,15
Exposed,9,21,15
Infectious,8,21,15
Recovered,24,21,15
Susceptible,455,22,15
Exposed,9,22,15
Infectious,10,22,15
Recovered,26,22,15
Susceptible,447,23,15
Exposed,16,23,15
Infectious,6,23,15
Recovered,31,23,15
Susceptible,446,24,15
Exposed,11,24,15
Infectious,8,24,15
Recovered,35,24,15
Susceptible,441,25,15
Exposed,12,25,15
Infectious,10,25,15
Recovered,37,25,15
Susceptible,434,26,15
Exposed,14,26,15
Infectious,14,26,15
Recovered,38,26,15
Susceptible,428,27,15
Exposed,13,27,15
Infectious,16,27,15
Recovered,43,27,15
Susceptible,421,28,15
Exposed,11,28,15
Infectious,19,28,15
Recovered,49,28,15
Susceptible,414,29,15
Exposed,14,29,15
Infectious,19,29,15
Recovered,53,29,15
Susceptible,407,30,15
Exposed,12,30,15
Infectious,20,30,15
Recovered,61,30,15
Susceptible,402,31,15
Exposed,13,31,15
Infectious,20,31,15
Recovered,65,31,15
Susceptible,396,32,15
Exposed,18,32,15
Infectious,15,32,15
Recovered,71,32,15
Susceptible,384,33,15
Exposed,19,33,15
Infectious,23,33,15
Recovered,74,33,15
Susceptible,375,34,15
Exposed,18,34,15
Infectious,27,34,15
Recovered,80,34,15
Susceptible,364,35,15
Exposed,23,35,15
Infectious,24,35,15
Recovered,89,35,15
Susceptible,357,36,15
Exposed,23,36,15
Infectious,25,36,15
Recovered,95,36,15
Susceptible,349,37,15
Exposed,23,37,15
Infectious,27,37,15
Recovered,101,37,15
Susceptible,335,38,15
Exposed,24,38,15
Infectious,28,38,15
Recovered,113,38,15
Susceptible,325,39,15
Exposed,24,39,15
Infectious,28,39,15
Recovered,123,39,15
Susceptible,312,40,15
Exposed,28,40,15
Infectious,29,40,15
Recovered,131,40,15
Susceptible,304,41,15
Exposed,22,41,15
Infectious,34,41,15
Recovered,140,41,15
Susceptible,292,42,15
Exposed,27,42,15
Infectious,30,42,15
Recovered,151,42,15
Susceptible,287,43,15
Exposed,20,43,15
Infectious,31,43,15
Recovered,162,43,15
Susceptible,278,44,15
Exposed,23,44,15
Infectious,27,44,15
Recovered,172,44,15
Susceptible,268,45,15
Exposed,22,45,15
Infectious,33,45,15
Recovered,177,45,15
Susceptible,261,46,15
Exposed,17,46,15
Infectious,32,46,15
Recovered,190,46,15
Susceptible,252,47,15
Exposed,18,47,15
Infectious,29,47,15
Recovered,201,47,15
Susceptible,248,48,15
Exposed,15,48,15
Infectious,23,48,15
Recovered,214,48,15
Susceptible,243,49,15
Exposed,13,49,15
Infectious,26,49,15
Recovered,218,49,15
Susceptible,239,50,15
Exposed,11,50,15
Infectious,20,50,15
Recovered,230,50,15
Susceptible,232,51,15
Exposed,11,51,15
Infectious,23,51,15
Recovered,234,51,15
Susceptible,227,52,15
Exposed,13,52,15
Infectious,16,52,15
Recovered,244,52,15
Susceptible,226,53,15
Exposed,6,53,15
Infectious,15,53,15
Recovered,253,53,15
Susceptible,224,54,15
Exposed,5,54,15
Infectious,14,54,15
Recovered,257,54,15
Susceptible,222,55,15
Exposed,5,55,15
Infectious,11,55,15
Recovered,262,55,15
Susceptible,217,56,15
Exposed,8,56,15
Infectious,9,56,15
Recovered,266,56,15
Susceptible,216,57,15
Exposed,7,57,15
Infectious,7,57,15
Recovered,270,57,15
Susceptible,216,58,15
Exposed,2,58,15
Infectious,12,58,15
Recovered,270,58,15
Susceptible,214,59,15
Exposed,2,59,15
Infectious,12,59,15
Recovered,272,59,15
Susceptible,211,60,15
Exposed,5,60,15
Infectious,7,60,15
Recovered,277,60,15
Susceptible,210,61,15
Exposed,3,61,15
Infectious,7,61,15
Recovered,280,61,15
Susceptible,210,62,15
Exposed,1,62,15
Infectious,8,62,15
Recovered,281,62,15
Susceptible,207,63,15
Exposed,4,63,15
Infectious,6,63,15
Recovered,283,63,15
Susceptible,207,64,15
Exposed,3,64,15
Infectious,4,64,15
Recovered,286,64,15
Susceptible,204,65,15
Exposed,4,65,15
Infectious,5,65,15
Recovered,287,65,15
Susceptible,202,66,15
Exposed,4,66,15
Infectious,6,66,15
Recovered,288,66,15
Susceptible,202,67,15
Exposed,3,67,15
Infectious,6,67,15
Recovered,289,67,15
Susceptible,200,68,15
Exposed,2,68,15
Infectious,5,68,15
Recovered,293,68,15
Susceptible,198,69,15
Exposed,4,69,15
Infectious,4,69,15
Recovered,294,69,15
Susceptible,198,70,15
Exposed,2,70,15
Infectious,4,70,15
Recovered,296,70,15
Susceptible,198,71,15
Exposed,1,71,15
Infectious,5,71,15
Recovered,296,71,15
Susceptible,197,72,15
Exposed,1,72,15
Infectious,4,72,15
Recovered,298,72,15
Susceptible,197,73,15
Exposed,1,73,15
Infectious,3,73,15
Recovered,299,73,15
Susceptible,196,74,15
Exposed,2,74,15
Infectious,2,74,15
Recovered,300,74,15
Susceptible,196,75,15
Exposed,1,75,15
Infectious,2,75,15
Recovered,301,75,15
Susceptible,196,76,15
Exposed,1,76,15
Infectious,2,76,15
Recovered,301,76,15
Susceptible,195,77,15
Exposed,2,77,15
Infectious,2,77,15
Recovered,301,77,15
Susceptible,195,78,15
Exposed,2,78,15
Infectious,1,78,15
Recovered,302,78,15
Susceptible,195,79,15
Exposed,0,79,15
Infectious,3,79,15
Recovered,302,79,15
Susceptible,195,80,15
Exposed,0,80,15
Infectious,0,80,15
Recovered,305,80,15
Susceptible,499,0,16
Exposed,0,0,16
Infectious,1,0,16
Recovered,0,0,16
Susceptible,499,1,16
Exposed,0,1,16
Infectious,1,1,16
Recovered,0,1,16
Susceptible,499,2,16
Exposed,0,2,16
Infectious,0,2,16
Recovered,1,2,16
Susceptible,499,0,17
Exposed,0,0,17
Infectious,1,0,17
Recovered,0,0,17
Susceptible,497,1,17
Exposed,2,1,17
Infectious,1,1,17
Recovered,0,1,17
Susceptible,497,2,17
Exposed,1,2,17
Infectious,2,2,17
Recovered,0,2,17
Susceptible,494,3,17
Exposed,4,3,17
Infectious,0,3,17
Recovered,2,3,17
Susceptible,494,4,17
Exposed,2,4,17
Infectious,2,4,17
Recovered,2,4,17
Susceptible,494,5,17
Exposed,2,5,17
Infectious,2,5,17
Recovered,2,5,17
Susceptible,494,6,17
Exposed,1,6,17
Infectious,2,6,17
Recovered,3,6,17
Susceptible,491,7,17
Exposed,4,7,17
Infectious,1,7,17
Recovered,4,7,17
Susceptible,491,8,17
Exposed,4,8,17
Infectious,1,8,17
Recovered,4,8,17
Susceptible,490,9,17
Exposed,3,9,17
Infectious,3,9,17
Recovered,4,9,17
Susceptible,489,10,17
Exposed,4,10,17
Infectious,1,10,17
Recovered,6,10,17
Susceptible,489,11,17
Exposed,1,11,17
Infectious,3,11,17
Recovered,7,11,17
Susceptible,488,12,17
Exposed,1,12,17
Infectious,4,12,17
Recovered,7,12,17
Susceptible,487,13,17
Exposed,2,13,17
Infectious,2,13,17
Recovered,9,13,17
Susceptible,484,14,17
Exposed,5,14,17
Infectious,1,14,17
Recovered,10,14,17
Susceptible,483,15,17
Exposed,5,15,17
Infectious,2,15,17
Recovered,10,15,17
Susceptible,483,16,17
Exposed,3,16,17
Infectious,3,16,17
Recovered,11,16,17
Susceptible,482,17,17
Exposed,3,17,17
Infectious,3,17,17
Recovered,12,17,17
Susceptible,480,18,17
Exposed,4,18,17
Infectious,3,18,17
Recovered,13,18,17
Susceptible,477,19,17
Exposed,4,19,17
Infectious,6,19,17
Recovered,13,19,17
Susceptible,476,20,17
Exposed,3,20,17
Infectious,6,20,17
Recovered,15,20,17
Susceptible,473,21,17
Exposed,4,21,17
Infectious,6,21,17
Recovered,17,21,17
Susceptible,470,22,17
Exposed,4,22,17
Infectious,5,22,17
Recovered,21,22,17
Susceptible,470,23,17
Exposed,3,23,17
Infectious,5,23,17
Recovered,22,23,17
Susceptible,468,24,17
Exposed,3,24,17
Infectious,4,24,17
Recovered,25,24,17
Susceptible,467,25,17
Exposed,3,25,17
Infectious,3,25,17
Recovered,27,25,17
Susceptible,466,26,17
Exposed,3,26,17
Infectious,2,26,17
Recovered,29,26,17
Susceptible,466,27,17
Exposed,2,27,17
Infectious,3,27,17
Recovered,29,27,17
Susceptible,465,28,17
Exposed,1,28,17
Infectious,4,28,17
Recovered,30,28,17
Susceptible,462,29,17
Exposed,4,29,17
Infectious,2,29,17
Recovered,32,29,17
Susceptible,461,30,17
Exposed,3,30,17
Infectious,4,30,17
Recovered,32,30,17
Susceptible,460,31,17
Exposed,3,31,17
Infectious,4,31,17
Recovered,33,31,17
Susceptible,458,32,17
Exposed,4,32,17
Infectious,4,32,17
Recovered,34,32,17
Susceptible,455,33,17
Exposed,5,33,17
Infectious,3,33,17
Recovered,37,33,17
Susceptible,452,34,17
Exposed,5,34,17
Infectious,5,34,17
Recovered,38,34,17
Susceptible,448,35,17
Exposed,7,35,17
Infectious,7,35,17
Recovered,38,35,17
Susceptible,447,36,17
Exposed,4,36,17
Infectious,6,36,17
Recovered,43,36,17
Susceptible,447,37,17
Exposed,3,37,17
Infectious,7,37,17
Recovered,43,37,17
Susceptible,445,38,17
Exposed,3,38,17
Infectious,7,38,17
Recovered,45,38,17
Susceptible,442,39,17
Exposed,6,39,17
Infectious,5,39,17
Recovered,47,39,17
Susceptible,439,40,17
Exposed,7,40,17
Infectious,4,40,17
Recovered,50,40,17
Susceptible,437,41,17
Exposed,8,41,17
Infectious,5,41,17
Recovered,50,41,17
Susceptible,432,42,17
Exposed,9,42,17
Infectious,7,42,17
Recovered,52,42,17
Susceptible,431,43,17
Exposed,8,43,17
Infectious,7,43,17
Recovered,54,43,17
Susceptible,428,44,17
Exposed,8,44,17
Infectious,7,44,17
Recovered,57,44,17
Susceptible,426,45,17
Exposed,10,45,17
Infectious,4,45,17
Recovered,60,45,17
Susceptible,426,46,17
Exposed,4,46,17
Infectious,8,46,17
Recovered,62,46,17
Susceptible,424,47,17
Exposed,3,47,17
Infectious,11,47,17
Recovered,62,47,17
Susceptible,418,48,17
Exposed,8,48,17
Infectious,6,48,17
Recovered,68,48,17
Susceptible,416,49,17
Exposed,9,49,17
Infectious,5,49,17
Recovered,70,49,17
Susceptible,415,50,17
Exposed,7,50,17
Infectious,6,50,17
Recovered,72,50,17
Susceptible,413,51,17
Exposed,5,51,17
Infectious,8,51,17
Recovered,74,51,17
Susceptible,410,52,17
Exposed,3,52,17
Infectious,12,52,17
Recovered,75,52,17
Susceptible,403,53,17
Exposed,10,53,17
Infectious,8,53,17
Recovered,79,53,17
Susceptible,401,54,17
Exposed,10,54,17
Infectious,8,54,17
Recovered,81,54,17
Susceptible,392,55,17
Exposed,15,55,17
Infectious,10,55,17
Recovered,83,55,17
Susceptible,389,56,17
Exposed,13,56,17
Infectious,13,56,17
Recovered,85,56,17
Susceptible,386,57,17
Exposed,12,57,17
Infectious,14,57,17
Recovered,88,57,17
Susceptible,382,58,17
Exposed,12,58,17
Infectious,15,58,17
Recovered,91,58,17
Susceptible,377,59,17
Exposed,12,59,17
Infectious,17,59,17
Recovered,94,59,17
Susceptible,369,60,17
Exposed,16,60,17
Infectious,19,60,17
Recovered,96,60,17
Susceptible,365,61,17
Exposed,11,61,17
Infectious,22,61,17
Recovered,102,61,17
Susceptible,355,62,17
Exposed,17,62,17
Infectious,14,62,17
Recovered,114,62,17
Susceptible,347,63,17
Exposed,17,63,17
Infectious,19,63,17
Recovered,117,63,17
Susceptible,338,64,17
Exposed,19,64,17
Infectious,19,64,17
Recovered,124,64,17
Susceptible,331,65,17
Exposed,16,65,17
Infectious,20,65,17
Recovered,133,65,17
Susceptible,322,66,17
Exposed,20,66,17
Infectious,16,66,17
Recovered,142,66,17
Susceptible,318,67,17
Exposed,17,67,17
Infectious,18,67,17
Recovered,147,67,17
Susceptible,314,68,17
Exposed,11,68,17
Infectious,20,68,17
Recovered,155,68,17
Susceptible,309,69,17
Exposed,8,69,17
Infectious,20,69,17
Recovered,163,69,17
Susceptible,300,70,17
Exposed,16,70,17
Infectious,15,70,17
Recovered,169,70,17
Susceptible,298,71,17
Exposed,13,71,17
Infectious,14,71,17
Recovered,175,71,17
Susceptible,294,72,17
Exposed,13,72,17
Infectious,15,72,17
Recovered,178,72,17
Susceptible,289,73,17
Exposed,13,73,17
Infectious,13,73,17
Recovered,185,73,17
Susceptible,284,74,17
Exposed,11,74,17
Infectious,17,74,17
Recovered,188,74,17
Susceptible,279,75,17
Exposed,10,75,17
Infectious,20,75,17
Recovered,191,75,17
Susceptible,271,76,17
Exposed,12,76,17
Infectious,18,76,17
Recovered,199,76,17
Susceptible,265,77,17
Exposed,17,77,17
Infectious,13,77,17
Recovered,205,77,17
Susceptible,265,78,17
Exposed,8,78,17
Infectious,19,78,17
Recovered,208,78,17
Susceptible,259,79,17
Exposed,8,79,17
Infectious,22,79,17
Recovered,211,79,17
Susceptible,253,80,17
Exposed,13,80,17
Infectious,15,80,17
Recovered,219,80,17
Susceptible,251,81,17
Exposed,8,81,17
Infectious,17,81,17
Recovered,224,81,17
Susceptible,248,82,17
Exposed,8,82,17
Infectious,14,82,17
Recovered,230,82,17
Susceptible,247,83,17
Exposed,6,83,17
Infectious,11,83,17
Recovered,236,83,17
Susceptible,243,84,17
Exposed,10,84,17
Infectious,7,84,17
Recovered,240,84,17
Susceptible,240,85,17
Exposed,8,85,17
Infectious,11,85,17
Recovered,241,85,17
Susceptible,236,86,17
Exposed,8,86,17
Infectious,10,86,17
Recovered,246,86,17
Susceptible,234,87,17
Exposed,7,87,17
Infectious,10,87,17
Recovered,249,87,17
Susceptible,232,88,17
Exposed,5,88,17
Infectious,8,88,17
Recovered,255,88,17
Susceptible,230,89,17
Exposed,7,89,17
Infectious,4,89,17
Recovered,259,89,17
Susceptible,228,90,17
Exposed,8,90,17
Infectious,4,90,17
Recovered,260,90,17
Susceptible,228,91,17
Exposed,5,91,17
Infectious,5,91,17
Recovered,262,91,17
Susceptible,227,92,17
Exposed,2,92,17
Infectious,8,92,17
Recovered,263,92,17
Susceptible,226,93,17
Exposed,3,93,17
Infectious,6,93,17
Recovered,265,93,17
Susceptible,225,94,17
Exposed,2,94,17
Infectious,6,94,17
Recovered,267,94,17
Susceptible,223,95,17
Exposed,2,95,17
Infectious,7,95,17
Recovered,268,95,17
Susceptible,221,96,17
Exposed,3,96,17
Infectious,5,96,17
Recovered,271,96,17
Susceptible,220,97,17
Exposed,4,97,17
Infectious,3,97,17
Recovered,273,97,17
Susceptible,220,98,17
Exposed,4,98,17
Infectious,1,98,17
Recovered,275,98,17
Susceptible,220,99,17
Exposed,1,99,17
Infectious,3,99,17
Recovered,276,99,17
Susceptible,220,100,17
Exposed,0,100,17
Infectious,4,100,17
Recovered,276,100,17
Susceptible,220,101,17
Exposed,0,101,17
Infectious,4,101,17
Recovered,276,101,17
Susceptible,219,102,17
Exposed,1,102,17
Infectious,2,102,17
Recovered,278,102,17
Susceptible,219,103,17
Exposed,1,103,17
Infectious,1,103,17
Recovered,279,103,17
Susceptible,218,104,17
Exposed,2,104,17
Infectious,1,104,17
Recovered,279,104,17
Susceptible,218,105,17
Exposed,1,105,17
Infectious,1,105,17
Recovered,280,105,17
Susceptible,218,106,17
Exposed,0,106,17
Infectious,1,106,17
Recovered,281,106,17
Susceptible,218,107,17
Exposed,0,107,17
Infectious,0,107,17
Recovered,282,107,17
Susceptible,499,0,18
Exposed,0,0,18
Infectious,1,0,18
Recovered,0,0,18
Susceptible,499,1,18
Exposed,0,1,18
Infectious,1,1,18
Recovered,0,1,18
Susceptible,499,2,18
Exposed,0,2,18
Infectious,1,2,18
Recovered,0,2,18
Susceptible,499,3,18
Exposed,0,3,18
Infectious,0,3,18
Recovered,1,3,18
Susceptible,499,0,19
Exposed,0,0,19
Infectious,1,0,19
Recovered,0,0,19
Susceptible,499,1,19
Exposed,0,1,19
Infectious,1,1,19
Recovered,0,1,19
Susceptible,499,2,19
Exposed,0,2,19
Infectious,1,2,19
Recovered,0,2,19
Susceptible,498,3,19
Exposed,1,3,19
Infectious,1,3,19
Recovered,0,3,19
Susceptible,496,4,19
Exposed,3,4,19
Infectious,1,4,19
Recovered,0,4,19
Susceptible,494,5,19
Exposed,4,5,19
Infectious,2,5,19
Recovered,0,5,19
Susceptible,493,6,19
Exposed,4,6,19
Infectious,3,6,19
Recovered,0,6,19
Susceptible,493,7,19
Exposed,1,7,19
Infectious,5,7,19
Recovered,1,7,19
Susceptible,488,8,19
Exposed,5,8,19
Infectious,3,8,19
Recovered,4,8,19
Susceptible,488,9,19
Exposed,4,9,19
Infectious,3,9,19
Recovered,5,9,19
Susceptible,487,10,19
Exposed,1,10,19
Infectious,5,10,19
Recovered,7,10,19
Susceptible,483,11,19
Exposed,5,11,19
Infectious,4,11,19
Recovered,8,11,19
Susceptible,482,12,19
Exposed,5,12,19
Infectious,4,12,19
Recovered,9,12,19
Susceptible,480,13,19
Exposed,3,13,19
Infectious,6,13,19
Recovered,11,13,19
Susceptible,478,14,19
Exposed,4,14,19
Infectious,4,14,19
Recovered,14,14,19
Susceptible,477,15,19
Exposed,3,15,19
Infectious,5,15,19
Recovered,15,15,19
Susceptible,474,16,19
Exposed,4,16,19
Infectious,5,16,19
Recovered,17,16,19
Susceptible,472,17,19
Exposed,5,17,19
Infectious,6,17,19
Recovered,17,17,19
Susceptible,470,18,19
Exposed,7,18,19
Infectious,4,18,19
Recovered,19,18,19
Susceptible,469,19,19
Exposed,5,19,19
Infectious,7,19,19
Recovered,19,19,19
Susceptible,465,20,19
Exposed,8,20,19
Infectious,4,20,19
Recovered,23,20,19
Susceptible,463,21,19
Exposed,7,21,19
Infectious,5,21,19
Recovered,25,21,19
Susceptible,460,22,19
Exposed,8,22,19
Infectious,7,22,19
Recovered,25,22,19
Susceptible,459,23,19
Exposed,6,23,19
Infectious,8,23,19
Recovered,27,23,19
Susceptible,455,24,19
Exposed,8,24,19
Infectious,8,24,19
Recovered,29,24,19
Susceptible,453,25,19
Exposed,7,25,19
Infectious,7,25,19
Recovered,33,25,19
Susceptible,448,26,19
Exposed,10,26,19
Infectious,7,26,19
Recovered,35,26,19
Susceptible,447,27,19
Exposed,5,27,19
Infectious,11,27,19
Recovered,37,27,19
Susceptible,443,28,19
Exposed,6,28,19
Infectious,13,28,19
Recovered,38,28,19
Susceptible,435,29,19
Exposed,14,29,19
Infectious,10,29,19
Recovered,41,29,19
Susceptible,429,30,19
Exposed,16,30,19
Infectious,9,30,19
Recovered,46,30,19
Susceptible,426,31,19
Exposed,12,31,19
Infectious,12,31,19
Recovered,50,31,19
Susceptible,420,32,19
Exposed,14,32,19
Infectious,10,32,19
Recovered,56,32,19
Susceptible,415,33,19
Exposed,13,33,19
Infectious,15,33,19
Recovered,57,33,19
Susceptible,411,34,19
Exposed,12,34,19
Infectious,15,34,19
Recovered,62,34,19
Susceptible,405,35,19
Exposed,11,35,19
Infectious,14,35,19
Recovered,70,35,19
Susceptible,395,36,19
Exposed,15,36,19
Infectious,16,36,19
Recovered,74,36,19
Susceptible,386,37,19
Exposed,18,37,19
Infectious,14,37,19
Recovered,82,37,19
Susceptible,380,38,19
Exposed,17,38,19
Infectious,17,38,19
Recovered,86,38,19
Susceptible,376,39,19
Exposed,17,39,19
Infectious,18,39,19
Recovered,89,39,19
Susceptible,369,40,19
Exposed,19,40,19
Infectious,17,40,19
Recovered,95,40,19
Susceptible,362,41,19
Exposed,19,41,19
Infectious,16,41,19
Recovered,103,41,19
Susceptible,353,42,19
Exposed,21,42,19
Infectious,20,42,19
Recovered,106,42,19
Susceptible,347,43,19
Exposed,21,43,19
Infectious,17,43,19
Recovered,115,43,19
Susceptible,337,44,19
Exposed,24,44,19
Infectious,18,44,19
Recovered,121,44,19
Susceptible,334,45,19
Exposed,17,45,19
Infectious,24,45,19
Recovered,125,45,19
Susceptible,328,46,19
Exposed,15,46,19
Infectious,20,46,19
Recovered,137,46,19
Susceptible,322,47,19
Exposed,15,47,19
Infectious,17,47,19
Recovered,146,47,19
Susceptible,317,48,19
Exposed,17,48,19
Infectious,14,48,19
Recovered,152,48,19
Susceptible,311,49,19
Exposed,15,49,19
Infectious,17,49,19
Recovered,157,49,19
Susceptible,302,50,19
Exposed,18,50,19
Infectious,21,50,19
Recovered,159,50,19
Susceptible,296,51,19
Exposed,19,51,19
Infectious,21,51,19
Recovered,164,51,19
Susceptible,290,52,19
Exposed,15,52,19
Infectious,24,52,19
Recovered,171,52,19
Susceptible,285,53,19
Exposed,16,53,19
Infectious,20,53,19
Recovered,179,53,19
Susceptible,279,54,19
Exposed,17,54,19
Infectious,17,54,19
Recovered,187,54,19
Susceptible,277,55,19
Exposed,11,55,19
Infectious,15,55,19
Recovered,197,55,19
Susceptible,276,56,19
Exposed,7,56,19
Infectious,18,56,19
Recovered,199,56,19
Susceptible,273,57,19
Exposed,8,57,19
Infectious,14,57,19
Recovered,205,57,19
Susceptible,268,58,19
Exposed,7,58,19
Infectious,17,58,19
Recovered,208,58,19
Susceptible,264,59,19
Exposed,8,59,19
Infectious,16,59,19
Recovered,212,59,19
Susceptible,262,60,19
Exposed,9,60,19
Infectious,13,60,19
Recovered,216,60,19
Susceptible,259,61,19
Exposed,8,61,19
Infectious,7,61,19
Recovered,226,61,19
Susceptible,258,62,19
Exposed,5,62,19
Infectious,10,62,19
Recovered,227,62,19
Susceptible,251,63,19
Exposed,9,63,19
Infectious,10,63,19
Recovered,230,63,19
Susceptible,251,64,19
Exposed,6,64,19
Infectious,11,64,19
Recovered,232,64,19
Susceptible,249,65,19
Exposed,4,65,19
Infectious,14,65,19
Recovered,233,65,19
Susceptible,245,66,19
Exposed,6,66,19
Infectious,12,66,19
Recovered,237,66,19
Susceptible,239,67,19
Exposed,10,67,19
Infectious,9,67,19
Recovered,242,67,19
Susceptible,239,68,19
Exposed,7,68,19
Infectious,9,68,19
Recovered,245,68,19
Susceptible,235,69,19
Exposed,8,69,19
Infectious,11,69,19
Recovered,246,69,19
Susceptible,234,70,19
Exposed,7,70,19
Infectious,8,70,19
Recovered,251,70,19
Susceptible,233,71,19
Exposed,5,71,19
Infectious,8,71,19
Recovered,254,71,19
Susceptible,231,72,19
Exposed,6,72,19
Infectious,5,72,19
Recovered,258,72,19
Susceptible,230,73,19
Exposed,2,73,19
Infectious,9,73,19
Recovered,259,73,19
Susceptible,228,74,19
Exposed,2,74,19
Infectious,7,74,19
Recovered,263,74,19
Susceptible,228,75,19
Exposed,2,75,19
Infectious,5,75,19
Recovered,265,75,19
Susceptible,227,76,19
Exposed,1,76,19
Infectious,5,76,19
Recovered,267,76,19
Susceptible,226,77,19
Exposed,2,77,19
Infectious,3,77,19
Recovered,269,77,19
Susceptible,225,78,19
Exposed,1,78,19
Infectious,5,78,19
Recovered,269,78,19
Susceptible,224,79,19
Exposed,2,79,19
Infectious,4,79,19
Recovered,270,79,19
Susceptible,224,80,19
Exposed,1,80,19
Infectious,3,80,19
Recovered,272,80,19
Susceptible,223,81,19
Exposed,1,81,19
Infectious,4,81,19
Recovered,272,81,19
Susceptible,221,82,19
Exposed,3,82,19
Infectious,1,82,19
Recovered,275,82,19
Susceptible,221,83,19
Exposed,2,83,19
Infectious,1,83,19
Recovered,276,83,19
Susceptible,221,84,19
Exposed,0,84,19
Infectious,2,84,19
Recovered,277,84,19
Susceptible,221,85,19
Exposed,0,85,19
Infectious,2,85,19
Recovered,277,85,19
Susceptible,221,86,19
Exposed,0,86,19
Infectious,1,86,19
Recovered,278,86,19
Susceptible,221,87,19
Exposed,0,87,19
Infectious,0,87,19
Recovered,279,87,19